300019731PI1,1,"INSERT INTO `wc_t_action_log` (`PO`,`ActionID`,`Status`,`Msg`,`shipNo`,`ActionBy`, `ActionByRole`) VALUES ('300019731PI1', 155, 1, 'Item arrived at Warehouse.',1,13, 13);"
300020270PI1,1,"INSERT INTO `wc_t_action_log` (`PO`,`ActionID`,`Status`,`Msg`,`shipNo`,`ActionBy`, `ActionByRole`) VALUES ('300020270PI1', 155, 1, 'Item arrived at Warehouse.',1,13, 13);"
300020277PI1,1,"INSERT INTO `wc_t_action_log` (`PO`,`ActionID`,`Status`,`Msg`,`shipNo`,`ActionBy`, `ActionByRole`) VALUES ('300020277PI1', 155, 1, 'Item arrived at Warehouse.',1,13, 13);"
300020039PI1,1,"INSERT INTO `wc_t_action_log` (`PO`,`ActionID`,`Status`,`Msg`,`shipNo`,`ActionBy`, `ActionByRole`) VALUES ('300020039PI1', 155, 1, 'Item arrived at Warehouse.',1,13, 13);"
300020833PI1,1,"INSERT INTO `wc_t_action_log` (`PO`,`ActionID`,`Status`,`Msg`,`shipNo`,`ActionBy`, `ActionByRole`) VALUES ('300020833PI1', 155, 1, 'Item arrived at Warehouse.',1,13, 13);"
300021368PI1,1,"INSERT INTO `wc_t_action_log` (`PO`,`ActionID`,`Status`,`Msg`,`shipNo`,`ActionBy`, `ActionByRole`) VALUES ('300021368PI1', 155, 1, 'Item arrived at Warehouse.',1,13, 13);"
300021370PI1,1,"INSERT INTO `wc_t_action_log` (`PO`,`ActionID`,`Status`,`Msg`,`shipNo`,`ActionBy`, `ActionByRole`) VALUES ('300021370PI1', 155, 1, 'Item arrived at Warehouse.',1,13, 13);"
300019916PI1,1,"INSERT INTO `wc_t_action_log` (`PO`,`ActionID`,`Status`,`Msg`,`shipNo`,`ActionBy`, `ActionByRole`) VALUES ('300019916PI1', 155, 1, 'Item arrived at Warehouse.',1,13, 13);"
300020203PI1,1,"INSERT INTO `wc_t_action_log` (`PO`,`ActionID`,`Status`,`Msg`,`shipNo`,`ActionBy`, `ActionByRole`) VALUES ('300020203PI1', 155, 1, 'Item arrived at Warehouse.',1,13, 13);"
300019601PI1,1,"INSERT INTO `wc_t_action_log` (`PO`,`ActionID`,`Status`,`Msg`,`shipNo`,`ActionBy`, `ActionByRole`) VALUES ('300019601PI1', 155, 1, 'Item arrived at Warehouse.',1,13, 13);"
300021359PI1,1,"INSERT INTO `wc_t_action_log` (`PO`,`ActionID`,`Status`,`Msg`,`shipNo`,`ActionBy`, `ActionByRole`) VALUES ('300021359PI1', 155, 1, 'Item arrived at Warehouse.',1,13, 13);"
300021369PI1,1,"INSERT INTO `wc_t_action_log` (`PO`,`ActionID`,`Status`,`Msg`,`shipNo`,`ActionBy`, `ActionByRole`) VALUES ('300021369PI1', 155, 1, 'Item arrived at Warehouse.',1,13, 13);"
300019712PI1,1,"INSERT INTO `wc_t_action_log` (`PO`,`ActionID`,`Status`,`Msg`,`shipNo`,`ActionBy`, `ActionByRole`) VALUES ('300019712PI1', 155, 1, 'Item arrived at Warehouse.',1,13, 13);"
300021362PI1,1,"INSERT INTO `wc_t_action_log` (`PO`,`ActionID`,`Status`,`Msg`,`shipNo`,`ActionBy`, `ActionByRole`) VALUES ('300021362PI1', 155, 1, 'Item arrived at Warehouse.',1,13, 13);"
300020779PI1,1,"INSERT INTO `wc_t_action_log` (`PO`,`ActionID`,`Status`,`Msg`,`shipNo`,`ActionBy`, `ActionByRole`) VALUES ('300020779PI1', 155, 1, 'Item arrived at Warehouse.',1,13, 13);"
300022114PI1,1,"INSERT INTO `wc_t_action_log` (`PO`,`ActionID`,`Status`,`Msg`,`shipNo`,`ActionBy`, `ActionByRole`) VALUES ('300022114PI1', 155, 1, 'Item arrived at Warehouse.',1,13, 13);"
300022968PI1,1,"INSERT INTO `wc_t_action_log` (`PO`,`ActionID`,`Status`,`Msg`,`shipNo`,`ActionBy`, `ActionByRole`) VALUES ('300022968PI1', 155, 1, 'Item arrived at Warehouse.',1,13, 13);"
300021366PI1,1,"INSERT INTO `wc_t_action_log` (`PO`,`ActionID`,`Status`,`Msg`,`shipNo`,`ActionBy`, `ActionByRole`) VALUES ('300021366PI1', 155, 1, 'Item arrived at Warehouse.',1,13, 13);"
300022788PI1,1,"INSERT INTO `wc_t_action_log` (`PO`,`ActionID`,`Status`,`Msg`,`shipNo`,`ActionBy`, `ActionByRole`) VALUES ('300022788PI1', 155, 1, 'Item arrived at Warehouse.',1,13, 13);"
300022680PI1,1,"INSERT INTO `wc_t_action_log` (`PO`,`ActionID`,`Status`,`Msg`,`shipNo`,`ActionBy`, `ActionByRole`) VALUES ('300022680PI1', 155, 1, 'Item arrived at Warehouse.',1,13, 13);"
300022583PI1,1,"INSERT INTO `wc_t_action_log` (`PO`,`ActionID`,`Status`,`Msg`,`shipNo`,`ActionBy`, `ActionByRole`) VALUES ('300022583PI1', 155, 1, 'Item arrived at Warehouse.',1,13, 13);"
300023405PI1,1,"INSERT INTO `wc_t_action_log` (`PO`,`ActionID`,`Status`,`Msg`,`shipNo`,`ActionBy`, `ActionByRole`) VALUES ('300023405PI1', 155, 1, 'Item arrived at Warehouse.',1,13, 13);"
300023512PI1,1,"INSERT INTO `wc_t_action_log` (`PO`,`ActionID`,`Status`,`Msg`,`shipNo`,`ActionBy`, `ActionByRole`) VALUES ('300023512PI1', 155, 1, 'Item arrived at Warehouse.',1,13, 13);"
300022680PI2,1,"INSERT INTO `wc_t_action_log` (`PO`,`ActionID`,`Status`,`Msg`,`shipNo`,`ActionBy`, `ActionByRole`) VALUES ('300022680PI2', 155, 1, 'Item arrived at Warehouse.',1,13, 13);"
300021363PI1,1,"INSERT INTO `wc_t_action_log` (`PO`,`ActionID`,`Status`,`Msg`,`shipNo`,`ActionBy`, `ActionByRole`) VALUES ('300021363PI1', 155, 1, 'Item arrived at Warehouse.',1,13, 13);"
300022582PI1,1,"INSERT INTO `wc_t_action_log` (`PO`,`ActionID`,`Status`,`Msg`,`shipNo`,`ActionBy`, `ActionByRole`) VALUES ('300022582PI1', 155, 1, 'Item arrived at Warehouse.',1,13, 13);"
300024680PI1,1,"INSERT INTO `wc_t_action_log` (`PO`,`ActionID`,`Status`,`Msg`,`shipNo`,`ActionBy`, `ActionByRole`) VALUES ('300024680PI1', 155, 1, 'Item arrived at Warehouse.',1,13, 13);"
300023408PI1,1,"INSERT INTO `wc_t_action_log` (`PO`,`ActionID`,`Status`,`Msg`,`shipNo`,`ActionBy`, `ActionByRole`) VALUES ('300023408PI1', 155, 1, 'Item arrived at Warehouse.',1,13, 13);"
300023097PI1,1,"INSERT INTO `wc_t_action_log` (`PO`,`ActionID`,`Status`,`Msg`,`shipNo`,`ActionBy`, `ActionByRole`) VALUES ('300023097PI1', 155, 1, 'Item arrived at Warehouse.',1,13, 13);"
300024680PI1,2,"INSERT INTO `wc_t_action_log` (`PO`,`ActionID`,`Status`,`Msg`,`shipNo`,`ActionBy`, `ActionByRole`) VALUES ('300024680PI1', 155, 1, 'Item arrived at Warehouse.',2,13, 13);"
300024143PI1,1,"INSERT INTO `wc_t_action_log` (`PO`,`ActionID`,`Status`,`Msg`,`shipNo`,`ActionBy`, `ActionByRole`) VALUES ('300024143PI1', 155, 1, 'Item arrived at Warehouse.',1,13, 13);"
300021491PI1,1,"INSERT INTO `wc_t_action_log` (`PO`,`ActionID`,`Status`,`Msg`,`shipNo`,`ActionBy`, `ActionByRole`) VALUES ('300021491PI1', 155, 1, 'Item arrived at Warehouse.',1,13, 13);"
300022598PI1,1,"INSERT INTO `wc_t_action_log` (`PO`,`ActionID`,`Status`,`Msg`,`shipNo`,`ActionBy`, `ActionByRole`) VALUES ('300022598PI1', 155, 1, 'Item arrived at Warehouse.',1,13, 13);"
300023947PI1,1,"INSERT INTO `wc_t_action_log` (`PO`,`ActionID`,`Status`,`Msg`,`shipNo`,`ActionBy`, `ActionByRole`) VALUES ('300023947PI1', 155, 1, 'Item arrived at Warehouse.',1,13, 13);"
300023795PI1,1,"INSERT INTO `wc_t_action_log` (`PO`,`ActionID`,`Status`,`Msg`,`shipNo`,`ActionBy`, `ActionByRole`) VALUES ('300023795PI1', 155, 1, 'Item arrived at Warehouse.',1,13, 13);"
300023947PI1,2,"INSERT INTO `wc_t_action_log` (`PO`,`ActionID`,`Status`,`Msg`,`shipNo`,`ActionBy`, `ActionByRole`) VALUES ('300023947PI1', 155, 1, 'Item arrived at Warehouse.',2,13, 13);"
300023559PI1,1,"INSERT INTO `wc_t_action_log` (`PO`,`ActionID`,`Status`,`Msg`,`shipNo`,`ActionBy`, `ActionByRole`) VALUES ('300023559PI1', 155, 1, 'Item arrived at Warehouse.',1,13, 13);"
300023855PI1,1,"INSERT INTO `wc_t_action_log` (`PO`,`ActionID`,`Status`,`Msg`,`shipNo`,`ActionBy`, `ActionByRole`) VALUES ('300023855PI1', 155, 1, 'Item arrived at Warehouse.',1,13, 13);"
300023947PI1,3,"INSERT INTO `wc_t_action_log` (`PO`,`ActionID`,`Status`,`Msg`,`shipNo`,`ActionBy`, `ActionByRole`) VALUES ('300023947PI1', 155, 1, 'Item arrived at Warehouse.',3,13, 13);"
300023696PI1,1,"INSERT INTO `wc_t_action_log` (`PO`,`ActionID`,`Status`,`Msg`,`shipNo`,`ActionBy`, `ActionByRole`) VALUES ('300023696PI1', 155, 1, 'Item arrived at Warehouse.',1,13, 13);"
300024431PI1,1,"INSERT INTO `wc_t_action_log` (`PO`,`ActionID`,`Status`,`Msg`,`shipNo`,`ActionBy`, `ActionByRole`) VALUES ('300024431PI1', 155, 1, 'Item arrived at Warehouse.',1,13, 13);"
300022595PI1,1,"INSERT INTO `wc_t_action_log` (`PO`,`ActionID`,`Status`,`Msg`,`shipNo`,`ActionBy`, `ActionByRole`) VALUES ('300022595PI1', 155, 1, 'Item arrived at Warehouse.',1,13, 13);"
300023554PI1,1,"INSERT INTO `wc_t_action_log` (`PO`,`ActionID`,`Status`,`Msg`,`shipNo`,`ActionBy`, `ActionByRole`) VALUES ('300023554PI1', 155, 1, 'Item arrived at Warehouse.',1,13, 13);"
300025622PI1,1,"INSERT INTO `wc_t_action_log` (`PO`,`ActionID`,`Status`,`Msg`,`shipNo`,`ActionBy`, `ActionByRole`) VALUES ('300025622PI1', 155, 1, 'Item arrived at Warehouse.',1,13, 13);"
300024506PI1,1,"INSERT INTO `wc_t_action_log` (`PO`,`ActionID`,`Status`,`Msg`,`shipNo`,`ActionBy`, `ActionByRole`) VALUES ('300024506PI1', 155, 1, 'Item arrived at Warehouse.',1,13, 13);"
300024223PI1,1,"INSERT INTO `wc_t_action_log` (`PO`,`ActionID`,`Status`,`Msg`,`shipNo`,`ActionBy`, `ActionByRole`) VALUES ('300024223PI1', 155, 1, 'Item arrived at Warehouse.',1,13, 13);"
300025817PI1,1,"INSERT INTO `wc_t_action_log` (`PO`,`ActionID`,`Status`,`Msg`,`shipNo`,`ActionBy`, `ActionByRole`) VALUES ('300025817PI1', 155, 1, 'Item arrived at Warehouse.',1,13, 13);"
300025589PI1,1,"INSERT INTO `wc_t_action_log` (`PO`,`ActionID`,`Status`,`Msg`,`shipNo`,`ActionBy`, `ActionByRole`) VALUES ('300025589PI1', 155, 1, 'Item arrived at Warehouse.',1,13, 13);"
300023059PI1,1,"INSERT INTO `wc_t_action_log` (`PO`,`ActionID`,`Status`,`Msg`,`shipNo`,`ActionBy`, `ActionByRole`) VALUES ('300023059PI1', 155, 1, 'Item arrived at Warehouse.',1,13, 13);"
300024455PI1,1,"INSERT INTO `wc_t_action_log` (`PO`,`ActionID`,`Status`,`Msg`,`shipNo`,`ActionBy`, `ActionByRole`) VALUES ('300024455PI1', 155, 1, 'Item arrived at Warehouse.',1,13, 13);"
300025524PI1,1,"INSERT INTO `wc_t_action_log` (`PO`,`ActionID`,`Status`,`Msg`,`shipNo`,`ActionBy`, `ActionByRole`) VALUES ('300025524PI1', 155, 1, 'Item arrived at Warehouse.',1,13, 13);"
300024455PI2,1,"INSERT INTO `wc_t_action_log` (`PO`,`ActionID`,`Status`,`Msg`,`shipNo`,`ActionBy`, `ActionByRole`) VALUES ('300024455PI2', 155, 1, 'Item arrived at Warehouse.',1,13, 13);"
300025474PI1,1,"INSERT INTO `wc_t_action_log` (`PO`,`ActionID`,`Status`,`Msg`,`shipNo`,`ActionBy`, `ActionByRole`) VALUES ('300025474PI1', 155, 1, 'Item arrived at Warehouse.',1,13, 13);"
300025622PI2,1,"INSERT INTO `wc_t_action_log` (`PO`,`ActionID`,`Status`,`Msg`,`shipNo`,`ActionBy`, `ActionByRole`) VALUES ('300025622PI2', 155, 1, 'Item arrived at Warehouse.',1,13, 13);"
300025637PI1,1,"INSERT INTO `wc_t_action_log` (`PO`,`ActionID`,`Status`,`Msg`,`shipNo`,`ActionBy`, `ActionByRole`) VALUES ('300025637PI1', 155, 1, 'Item arrived at Warehouse.',1,13, 13);"
300025604PI1,1,"INSERT INTO `wc_t_action_log` (`PO`,`ActionID`,`Status`,`Msg`,`shipNo`,`ActionBy`, `ActionByRole`) VALUES ('300025604PI1', 155, 1, 'Item arrived at Warehouse.',1,13, 13);"
300025748PI1,1,"INSERT INTO `wc_t_action_log` (`PO`,`ActionID`,`Status`,`Msg`,`shipNo`,`ActionBy`, `ActionByRole`) VALUES ('300025748PI1', 155, 1, 'Item arrived at Warehouse.',1,13, 13);"
300023059PI2,1,"INSERT INTO `wc_t_action_log` (`PO`,`ActionID`,`Status`,`Msg`,`shipNo`,`ActionBy`, `ActionByRole`) VALUES ('300023059PI2', 155, 1, 'Item arrived at Warehouse.',1,13, 13);"
300025618PI1,1,"INSERT INTO `wc_t_action_log` (`PO`,`ActionID`,`Status`,`Msg`,`shipNo`,`ActionBy`, `ActionByRole`) VALUES ('300025618PI1', 155, 1, 'Item arrived at Warehouse.',1,13, 13);"
300025732PI1,1,"INSERT INTO `wc_t_action_log` (`PO`,`ActionID`,`Status`,`Msg`,`shipNo`,`ActionBy`, `ActionByRole`) VALUES ('300025732PI1', 155, 1, 'Item arrived at Warehouse.',1,13, 13);"
300025475PI1,1,"INSERT INTO `wc_t_action_log` (`PO`,`ActionID`,`Status`,`Msg`,`shipNo`,`ActionBy`, `ActionByRole`) VALUES ('300025475PI1', 155, 1, 'Item arrived at Warehouse.',1,13, 13);"
300024678PI1,1,"INSERT INTO `wc_t_action_log` (`PO`,`ActionID`,`Status`,`Msg`,`shipNo`,`ActionBy`, `ActionByRole`) VALUES ('300024678PI1', 155, 1, 'Item arrived at Warehouse.',1,13, 13);"
300023795PI2,1,"INSERT INTO `wc_t_action_log` (`PO`,`ActionID`,`Status`,`Msg`,`shipNo`,`ActionBy`, `ActionByRole`) VALUES ('300023795PI2', 155, 1, 'Item arrived at Warehouse.',1,13, 13);"
300022519PI1,1,"INSERT INTO `wc_t_action_log` (`PO`,`ActionID`,`Status`,`Msg`,`shipNo`,`ActionBy`, `ActionByRole`) VALUES ('300022519PI1', 155, 1, 'Item arrived at Warehouse.',1,13, 13);"
300025475PI1,2,"INSERT INTO `wc_t_action_log` (`PO`,`ActionID`,`Status`,`Msg`,`shipNo`,`ActionBy`, `ActionByRole`) VALUES ('300025475PI1', 155, 1, 'Item arrived at Warehouse.',2,13, 13);"
300025526PI1,1,"INSERT INTO `wc_t_action_log` (`PO`,`ActionID`,`Status`,`Msg`,`shipNo`,`ActionBy`, `ActionByRole`) VALUES ('300025526PI1', 155, 1, 'Item arrived at Warehouse.',1,13, 13);"
300025869PI1,1,"INSERT INTO `wc_t_action_log` (`PO`,`ActionID`,`Status`,`Msg`,`shipNo`,`ActionBy`, `ActionByRole`) VALUES ('300025869PI1', 155, 1, 'Item arrived at Warehouse.',1,13, 13);"
300025805PI1,1,"INSERT INTO `wc_t_action_log` (`PO`,`ActionID`,`Status`,`Msg`,`shipNo`,`ActionBy`, `ActionByRole`) VALUES ('300025805PI1', 155, 1, 'Item arrived at Warehouse.',1,13, 13);"
300026412PI1,1,"INSERT INTO `wc_t_action_log` (`PO`,`ActionID`,`Status`,`Msg`,`shipNo`,`ActionBy`, `ActionByRole`) VALUES ('300026412PI1', 155, 1, 'Item arrived at Warehouse.',1,13, 13);"
300026136PI1,1,"INSERT INTO `wc_t_action_log` (`PO`,`ActionID`,`Status`,`Msg`,`shipNo`,`ActionBy`, `ActionByRole`) VALUES ('300026136PI1', 155, 1, 'Item arrived at Warehouse.',1,13, 13);"
300025603PI1,1,"INSERT INTO `wc_t_action_log` (`PO`,`ActionID`,`Status`,`Msg`,`shipNo`,`ActionBy`, `ActionByRole`) VALUES ('300025603PI1', 155, 1, 'Item arrived at Warehouse.',1,13, 13);"
300025852PI1,1,"INSERT INTO `wc_t_action_log` (`PO`,`ActionID`,`Status`,`Msg`,`shipNo`,`ActionBy`, `ActionByRole`) VALUES ('300025852PI1', 155, 1, 'Item arrived at Warehouse.',1,13, 13);"
300023855PI1,2,"INSERT INTO `wc_t_action_log` (`PO`,`ActionID`,`Status`,`Msg`,`shipNo`,`ActionBy`, `ActionByRole`) VALUES ('300023855PI1', 155, 1, 'Item arrived at Warehouse.',2,13, 13);"
300023795PI2,2,"INSERT INTO `wc_t_action_log` (`PO`,`ActionID`,`Status`,`Msg`,`shipNo`,`ActionBy`, `ActionByRole`) VALUES ('300023795PI2', 155, 1, 'Item arrived at Warehouse.',2,13, 13);"
300026120PI1,1,"INSERT INTO `wc_t_action_log` (`PO`,`ActionID`,`Status`,`Msg`,`shipNo`,`ActionBy`, `ActionByRole`) VALUES ('300026120PI1', 155, 1, 'Item arrived at Warehouse.',1,13, 13);"
300025425PI1,1,"INSERT INTO `wc_t_action_log` (`PO`,`ActionID`,`Status`,`Msg`,`shipNo`,`ActionBy`, `ActionByRole`) VALUES ('300025425PI1', 155, 1, 'Item arrived at Warehouse.',1,13, 13);"
300025475PI1,3,"INSERT INTO `wc_t_action_log` (`PO`,`ActionID`,`Status`,`Msg`,`shipNo`,`ActionBy`, `ActionByRole`) VALUES ('300025475PI1', 155, 1, 'Item arrived at Warehouse.',3,13, 13);"
300025228PI1,2,"INSERT INTO `wc_t_action_log` (`PO`,`ActionID`,`Status`,`Msg`,`shipNo`,`ActionBy`, `ActionByRole`) VALUES ('300025228PI1', 155, 1, 'Item arrived at Warehouse.',2,13, 13);"
300025228PI1,1,"INSERT INTO `wc_t_action_log` (`PO`,`ActionID`,`Status`,`Msg`,`shipNo`,`ActionBy`, `ActionByRole`) VALUES ('300025228PI1', 155, 1, 'Item arrived at Warehouse.',1,13, 13);"
300025835PI1,1,"INSERT INTO `wc_t_action_log` (`PO`,`ActionID`,`Status`,`Msg`,`shipNo`,`ActionBy`, `ActionByRole`) VALUES ('300025835PI1', 155, 1, 'Item arrived at Warehouse.',1,13, 13);"
300025155PI1,1,"INSERT INTO `wc_t_action_log` (`PO`,`ActionID`,`Status`,`Msg`,`shipNo`,`ActionBy`, `ActionByRole`) VALUES ('300025155PI1', 155, 1, 'Item arrived at Warehouse.',1,13, 13);"
300026134PI1,1,"INSERT INTO `wc_t_action_log` (`PO`,`ActionID`,`Status`,`Msg`,`shipNo`,`ActionBy`, `ActionByRole`) VALUES ('300026134PI1', 155, 1, 'Item arrived at Warehouse.',1,13, 13);"
300025476PI1,1,"INSERT INTO `wc_t_action_log` (`PO`,`ActionID`,`Status`,`Msg`,`shipNo`,`ActionBy`, `ActionByRole`) VALUES ('300025476PI1', 155, 1, 'Item arrived at Warehouse.',1,13, 13);"
300026453PI1,1,"INSERT INTO `wc_t_action_log` (`PO`,`ActionID`,`Status`,`Msg`,`shipNo`,`ActionBy`, `ActionByRole`) VALUES ('300026453PI1', 155, 1, 'Item arrived at Warehouse.',1,13, 13);"
300026755PI1,1,"INSERT INTO `wc_t_action_log` (`PO`,`ActionID`,`Status`,`Msg`,`shipNo`,`ActionBy`, `ActionByRole`) VALUES ('300026755PI1', 155, 1, 'Item arrived at Warehouse.',1,13, 13);"
300025386PI1,1,"INSERT INTO `wc_t_action_log` (`PO`,`ActionID`,`Status`,`Msg`,`shipNo`,`ActionBy`, `ActionByRole`) VALUES ('300025386PI1', 155, 1, 'Item arrived at Warehouse.',1,13, 13);"
300026276PI1,1,"INSERT INTO `wc_t_action_log` (`PO`,`ActionID`,`Status`,`Msg`,`shipNo`,`ActionBy`, `ActionByRole`) VALUES ('300026276PI1', 155, 1, 'Item arrived at Warehouse.',1,13, 13);"
300024507PI1,1,"INSERT INTO `wc_t_action_log` (`PO`,`ActionID`,`Status`,`Msg`,`shipNo`,`ActionBy`, `ActionByRole`) VALUES ('300024507PI1', 155, 1, 'Item arrived at Warehouse.',1,13, 13);"
300026665PI1,1,"INSERT INTO `wc_t_action_log` (`PO`,`ActionID`,`Status`,`Msg`,`shipNo`,`ActionBy`, `ActionByRole`) VALUES ('300026665PI1', 155, 1, 'Item arrived at Warehouse.',1,13, 13);"
300026361PI1,1,"INSERT INTO `wc_t_action_log` (`PO`,`ActionID`,`Status`,`Msg`,`shipNo`,`ActionBy`, `ActionByRole`) VALUES ('300026361PI1', 155, 1, 'Item arrived at Warehouse.',1,13, 13);"
300026950PI1,1,"INSERT INTO `wc_t_action_log` (`PO`,`ActionID`,`Status`,`Msg`,`shipNo`,`ActionBy`, `ActionByRole`) VALUES ('300026950PI1', 155, 1, 'Item arrived at Warehouse.',1,13, 13);"
300026950PI1,2,"INSERT INTO `wc_t_action_log` (`PO`,`ActionID`,`Status`,`Msg`,`shipNo`,`ActionBy`, `ActionByRole`) VALUES ('300026950PI1', 155, 1, 'Item arrived at Warehouse.',2,13, 13);"
300024707PI1,1,"INSERT INTO `wc_t_action_log` (`PO`,`ActionID`,`Status`,`Msg`,`shipNo`,`ActionBy`, `ActionByRole`) VALUES ('300024707PI1', 155, 1, 'Item arrived at Warehouse.',1,13, 13);"
300026216PI1,1,"INSERT INTO `wc_t_action_log` (`PO`,`ActionID`,`Status`,`Msg`,`shipNo`,`ActionBy`, `ActionByRole`) VALUES ('300026216PI1', 155, 1, 'Item arrived at Warehouse.',1,13, 13);"
300025224PI1,1,"INSERT INTO `wc_t_action_log` (`PO`,`ActionID`,`Status`,`Msg`,`shipNo`,`ActionBy`, `ActionByRole`) VALUES ('300025224PI1', 155, 1, 'Item arrived at Warehouse.',1,13, 13);"
300020904PI1,1,"INSERT INTO `wc_t_action_log` (`PO`,`ActionID`,`Status`,`Msg`,`shipNo`,`ActionBy`, `ActionByRole`) VALUES ('300020904PI1', 155, 1, 'Item arrived at Warehouse.',1,13, 13);"
300026421PI1,1,"INSERT INTO `wc_t_action_log` (`PO`,`ActionID`,`Status`,`Msg`,`shipNo`,`ActionBy`, `ActionByRole`) VALUES ('300026421PI1', 155, 1, 'Item arrived at Warehouse.',1,13, 13);"
300026778PI1,1,"INSERT INTO `wc_t_action_log` (`PO`,`ActionID`,`Status`,`Msg`,`shipNo`,`ActionBy`, `ActionByRole`) VALUES ('300026778PI1', 155, 1, 'Item arrived at Warehouse.',1,13, 13);"
300027171PI1,1,"INSERT INTO `wc_t_action_log` (`PO`,`ActionID`,`Status`,`Msg`,`shipNo`,`ActionBy`, `ActionByRole`) VALUES ('300027171PI1', 155, 1, 'Item arrived at Warehouse.',1,13, 13);"
300027006PI1,1,"INSERT INTO `wc_t_action_log` (`PO`,`ActionID`,`Status`,`Msg`,`shipNo`,`ActionBy`, `ActionByRole`) VALUES ('300027006PI1', 155, 1, 'Item arrived at Warehouse.',1,13, 13);"
300027365PI1,1,"INSERT INTO `wc_t_action_log` (`PO`,`ActionID`,`Status`,`Msg`,`shipNo`,`ActionBy`, `ActionByRole`) VALUES ('300027365PI1', 155, 1, 'Item arrived at Warehouse.',1,13, 13);"
300025425PI1,2,"INSERT INTO `wc_t_action_log` (`PO`,`ActionID`,`Status`,`Msg`,`shipNo`,`ActionBy`, `ActionByRole`) VALUES ('300025425PI1', 155, 1, 'Item arrived at Warehouse.',2,13, 13);"
300026950PI1,3,"INSERT INTO `wc_t_action_log` (`PO`,`ActionID`,`Status`,`Msg`,`shipNo`,`ActionBy`, `ActionByRole`) VALUES ('300026950PI1', 155, 1, 'Item arrived at Warehouse.',3,13, 13);"
300025853PI1,1,"INSERT INTO `wc_t_action_log` (`PO`,`ActionID`,`Status`,`Msg`,`shipNo`,`ActionBy`, `ActionByRole`) VALUES ('300025853PI1', 155, 1, 'Item arrived at Warehouse.',1,13, 13);"
300027394PI1,1,"INSERT INTO `wc_t_action_log` (`PO`,`ActionID`,`Status`,`Msg`,`shipNo`,`ActionBy`, `ActionByRole`) VALUES ('300027394PI1', 155, 1, 'Item arrived at Warehouse.',1,13, 13);"
300025371PI1,1,"INSERT INTO `wc_t_action_log` (`PO`,`ActionID`,`Status`,`Msg`,`shipNo`,`ActionBy`, `ActionByRole`) VALUES ('300025371PI1', 155, 1, 'Item arrived at Warehouse.',1,13, 13);"
300014514PI1,1,"INSERT INTO `wc_t_action_log` (`PO`,`ActionID`,`Status`,`Msg`,`shipNo`,`ActionBy`, `ActionByRole`) VALUES ('300014514PI1', 155, 1, 'Item arrived at Warehouse.',1,13, 13);"
300015147PI1,1,"INSERT INTO `wc_t_action_log` (`PO`,`ActionID`,`Status`,`Msg`,`shipNo`,`ActionBy`, `ActionByRole`) VALUES ('300015147PI1', 155, 1, 'Item arrived at Warehouse.',1,13, 13);"
300019670PI1,1,"INSERT INTO `wc_t_action_log` (`PO`,`ActionID`,`Status`,`Msg`,`shipNo`,`ActionBy`, `ActionByRole`) VALUES ('300019670PI1', 155, 1, 'Item arrived at Warehouse.',1,13, 13);"
300028576PI1,1,"INSERT INTO `wc_t_action_log` (`PO`,`ActionID`,`Status`,`Msg`,`shipNo`,`ActionBy`, `ActionByRole`) VALUES ('300028576PI1', 155, 1, 'Item arrived at Warehouse.',1,13, 13);"
300028552PI1,1,"INSERT INTO `wc_t_action_log` (`PO`,`ActionID`,`Status`,`Msg`,`shipNo`,`ActionBy`, `ActionByRole`) VALUES ('300028552PI1', 155, 1, 'Item arrived at Warehouse.',1,13, 13);"
300027229PI1,1,"INSERT INTO `wc_t_action_log` (`PO`,`ActionID`,`Status`,`Msg`,`shipNo`,`ActionBy`, `ActionByRole`) VALUES ('300027229PI1', 155, 1, 'Item arrived at Warehouse.',1,13, 13);"
300027387PI1,1,"INSERT INTO `wc_t_action_log` (`PO`,`ActionID`,`Status`,`Msg`,`shipNo`,`ActionBy`, `ActionByRole`) VALUES ('300027387PI1', 155, 1, 'Item arrived at Warehouse.',1,13, 13);"
300028552PI1,2,"INSERT INTO `wc_t_action_log` (`PO`,`ActionID`,`Status`,`Msg`,`shipNo`,`ActionBy`, `ActionByRole`) VALUES ('300028552PI1', 155, 1, 'Item arrived at Warehouse.',2,13, 13);"
300028777PI1,1,"INSERT INTO `wc_t_action_log` (`PO`,`ActionID`,`Status`,`Msg`,`shipNo`,`ActionBy`, `ActionByRole`) VALUES ('300028777PI1', 155, 1, 'Item arrived at Warehouse.',1,13, 13);"
300027588PI1,1,"INSERT INTO `wc_t_action_log` (`PO`,`ActionID`,`Status`,`Msg`,`shipNo`,`ActionBy`, `ActionByRole`) VALUES ('300027588PI1', 155, 1, 'Item arrived at Warehouse.',1,13, 13);"
300026793PI1,1,"INSERT INTO `wc_t_action_log` (`PO`,`ActionID`,`Status`,`Msg`,`shipNo`,`ActionBy`, `ActionByRole`) VALUES ('300026793PI1', 155, 1, 'Item arrived at Warehouse.',1,13, 13);"
300024832PI1,1,"INSERT INTO `wc_t_action_log` (`PO`,`ActionID`,`Status`,`Msg`,`shipNo`,`ActionBy`, `ActionByRole`) VALUES ('300024832PI1', 155, 1, 'Item arrived at Warehouse.',1,13, 13);"
300029981PI1,1,"INSERT INTO `wc_t_action_log` (`PO`,`ActionID`,`Status`,`Msg`,`shipNo`,`ActionBy`, `ActionByRole`) VALUES ('300029981PI1', 155, 1, 'Item arrived at Warehouse.',1,13, 13);"
300029979PI1,1,"INSERT INTO `wc_t_action_log` (`PO`,`ActionID`,`Status`,`Msg`,`shipNo`,`ActionBy`, `ActionByRole`) VALUES ('300029979PI1', 155, 1, 'Item arrived at Warehouse.',1,13, 13);"
300028585PI1,1,"INSERT INTO `wc_t_action_log` (`PO`,`ActionID`,`Status`,`Msg`,`shipNo`,`ActionBy`, `ActionByRole`) VALUES ('300028585PI1', 155, 1, 'Item arrived at Warehouse.',1,13, 13);"
300028573PI1,1,"INSERT INTO `wc_t_action_log` (`PO`,`ActionID`,`Status`,`Msg`,`shipNo`,`ActionBy`, `ActionByRole`) VALUES ('300028573PI1', 155, 1, 'Item arrived at Warehouse.',1,13, 13);"
300028769PI1,1,"INSERT INTO `wc_t_action_log` (`PO`,`ActionID`,`Status`,`Msg`,`shipNo`,`ActionBy`, `ActionByRole`) VALUES ('300028769PI1', 155, 1, 'Item arrived at Warehouse.',1,13, 13);"
300026776PI1,1,"INSERT INTO `wc_t_action_log` (`PO`,`ActionID`,`Status`,`Msg`,`shipNo`,`ActionBy`, `ActionByRole`) VALUES ('300026776PI1', 155, 1, 'Item arrived at Warehouse.',1,13, 13);"
300027941PI1,1,"INSERT INTO `wc_t_action_log` (`PO`,`ActionID`,`Status`,`Msg`,`shipNo`,`ActionBy`, `ActionByRole`) VALUES ('300027941PI1', 155, 1, 'Item arrived at Warehouse.',1,13, 13);"
300028275PI1,1,"INSERT INTO `wc_t_action_log` (`PO`,`ActionID`,`Status`,`Msg`,`shipNo`,`ActionBy`, `ActionByRole`) VALUES ('300028275PI1', 155, 1, 'Item arrived at Warehouse.',1,13, 13);"
300029302PI1,1,"INSERT INTO `wc_t_action_log` (`PO`,`ActionID`,`Status`,`Msg`,`shipNo`,`ActionBy`, `ActionByRole`) VALUES ('300029302PI1', 155, 1, 'Item arrived at Warehouse.',1,13, 13);"
300029493PI1,1,"INSERT INTO `wc_t_action_log` (`PO`,`ActionID`,`Status`,`Msg`,`shipNo`,`ActionBy`, `ActionByRole`) VALUES ('300029493PI1', 155, 1, 'Item arrived at Warehouse.',1,13, 13);"
300030444PI1,1,"INSERT INTO `wc_t_action_log` (`PO`,`ActionID`,`Status`,`Msg`,`shipNo`,`ActionBy`, `ActionByRole`) VALUES ('300030444PI1', 155, 1, 'Item arrived at Warehouse.',1,13, 13);"
300027591PI1,1,"INSERT INTO `wc_t_action_log` (`PO`,`ActionID`,`Status`,`Msg`,`shipNo`,`ActionBy`, `ActionByRole`) VALUES ('300027591PI1', 155, 1, 'Item arrived at Warehouse.',1,13, 13);"
300030446PI1,1,"INSERT INTO `wc_t_action_log` (`PO`,`ActionID`,`Status`,`Msg`,`shipNo`,`ActionBy`, `ActionByRole`) VALUES ('300030446PI1', 155, 1, 'Item arrived at Warehouse.',1,13, 13);"
300030449PI1,1,"INSERT INTO `wc_t_action_log` (`PO`,`ActionID`,`Status`,`Msg`,`shipNo`,`ActionBy`, `ActionByRole`) VALUES ('300030449PI1', 155, 1, 'Item arrived at Warehouse.',1,13, 13);"
300030447PI1,1,"INSERT INTO `wc_t_action_log` (`PO`,`ActionID`,`Status`,`Msg`,`shipNo`,`ActionBy`, `ActionByRole`) VALUES ('300030447PI1', 155, 1, 'Item arrived at Warehouse.',1,13, 13);"
300027651PI1,1,"INSERT INTO `wc_t_action_log` (`PO`,`ActionID`,`Status`,`Msg`,`shipNo`,`ActionBy`, `ActionByRole`) VALUES ('300027651PI1', 155, 1, 'Item arrived at Warehouse.',1,13, 13);"
300029302PI1,2,"INSERT INTO `wc_t_action_log` (`PO`,`ActionID`,`Status`,`Msg`,`shipNo`,`ActionBy`, `ActionByRole`) VALUES ('300029302PI1', 155, 1, 'Item arrived at Warehouse.',2,13, 13);"
300030448PI1,1,"INSERT INTO `wc_t_action_log` (`PO`,`ActionID`,`Status`,`Msg`,`shipNo`,`ActionBy`, `ActionByRole`) VALUES ('300030448PI1', 155, 1, 'Item arrived at Warehouse.',1,13, 13);"
300028583PI1,1,"INSERT INTO `wc_t_action_log` (`PO`,`ActionID`,`Status`,`Msg`,`shipNo`,`ActionBy`, `ActionByRole`) VALUES ('300028583PI1', 155, 1, 'Item arrived at Warehouse.',1,13, 13);"
300029014PI1,1,"INSERT INTO `wc_t_action_log` (`PO`,`ActionID`,`Status`,`Msg`,`shipNo`,`ActionBy`, `ActionByRole`) VALUES ('300029014PI1', 155, 1, 'Item arrived at Warehouse.',1,13, 13);"
300030451PI1,1,"INSERT INTO `wc_t_action_log` (`PO`,`ActionID`,`Status`,`Msg`,`shipNo`,`ActionBy`, `ActionByRole`) VALUES ('300030451PI1', 155, 1, 'Item arrived at Warehouse.',1,13, 13);"
300030450PI1,1,"INSERT INTO `wc_t_action_log` (`PO`,`ActionID`,`Status`,`Msg`,`shipNo`,`ActionBy`, `ActionByRole`) VALUES ('300030450PI1', 155, 1, 'Item arrived at Warehouse.',1,13, 13);"
300029078PI1,1,"INSERT INTO `wc_t_action_log` (`PO`,`ActionID`,`Status`,`Msg`,`shipNo`,`ActionBy`, `ActionByRole`) VALUES ('300029078PI1', 155, 1, 'Item arrived at Warehouse.',1,13, 13);"
300029081PI1,1,"INSERT INTO `wc_t_action_log` (`PO`,`ActionID`,`Status`,`Msg`,`shipNo`,`ActionBy`, `ActionByRole`) VALUES ('300029081PI1', 155, 1, 'Item arrived at Warehouse.',1,13, 13);"
300029218PI1,3,"INSERT INTO `wc_t_action_log` (`PO`,`ActionID`,`Status`,`Msg`,`shipNo`,`ActionBy`, `ActionByRole`) VALUES ('300029218PI1', 155, 1, 'Item arrived at Warehouse.',3,13, 13);"
300030454PI1,1,"INSERT INTO `wc_t_action_log` (`PO`,`ActionID`,`Status`,`Msg`,`shipNo`,`ActionBy`, `ActionByRole`) VALUES ('300030454PI1', 155, 1, 'Item arrived at Warehouse.',1,13, 13);"
300030452PI1,1,"INSERT INTO `wc_t_action_log` (`PO`,`ActionID`,`Status`,`Msg`,`shipNo`,`ActionBy`, `ActionByRole`) VALUES ('300030452PI1', 155, 1, 'Item arrived at Warehouse.',1,13, 13);"
300029218PI1,2,"INSERT INTO `wc_t_action_log` (`PO`,`ActionID`,`Status`,`Msg`,`shipNo`,`ActionBy`, `ActionByRole`) VALUES ('300029218PI1', 155, 1, 'Item arrived at Warehouse.',2,13, 13);"
300028275PI1,2,"INSERT INTO `wc_t_action_log` (`PO`,`ActionID`,`Status`,`Msg`,`shipNo`,`ActionBy`, `ActionByRole`) VALUES ('300028275PI1', 155, 1, 'Item arrived at Warehouse.',2,13, 13);"
300025477PI1,1,"INSERT INTO `wc_t_action_log` (`PO`,`ActionID`,`Status`,`Msg`,`shipNo`,`ActionBy`, `ActionByRole`) VALUES ('300025477PI1', 155, 1, 'Item arrived at Warehouse.',1,13, 13);"
300027990PI1,1,"INSERT INTO `wc_t_action_log` (`PO`,`ActionID`,`Status`,`Msg`,`shipNo`,`ActionBy`, `ActionByRole`) VALUES ('300027990PI1', 155, 1, 'Item arrived at Warehouse.',1,13, 13);"
300030454PI1,2,"INSERT INTO `wc_t_action_log` (`PO`,`ActionID`,`Status`,`Msg`,`shipNo`,`ActionBy`, `ActionByRole`) VALUES ('300030454PI1', 155, 1, 'Item arrived at Warehouse.',2,13, 13);"
300030453PI1,1,"INSERT INTO `wc_t_action_log` (`PO`,`ActionID`,`Status`,`Msg`,`shipNo`,`ActionBy`, `ActionByRole`) VALUES ('300030453PI1', 155, 1, 'Item arrived at Warehouse.',1,13, 13);"
300029218PI1,1,"INSERT INTO `wc_t_action_log` (`PO`,`ActionID`,`Status`,`Msg`,`shipNo`,`ActionBy`, `ActionByRole`) VALUES ('300029218PI1', 155, 1, 'Item arrived at Warehouse.',1,13, 13);"
300029999PI1,1,"INSERT INTO `wc_t_action_log` (`PO`,`ActionID`,`Status`,`Msg`,`shipNo`,`ActionBy`, `ActionByRole`) VALUES ('300029999PI1', 155, 1, 'Item arrived at Warehouse.',1,13, 13);"
300028903PI1,1,"INSERT INTO `wc_t_action_log` (`PO`,`ActionID`,`Status`,`Msg`,`shipNo`,`ActionBy`, `ActionByRole`) VALUES ('300028903PI1', 155, 1, 'Item arrived at Warehouse.',1,13, 13);"
300028903PI2,1,"INSERT INTO `wc_t_action_log` (`PO`,`ActionID`,`Status`,`Msg`,`shipNo`,`ActionBy`, `ActionByRole`) VALUES ('300028903PI2', 155, 1, 'Item arrived at Warehouse.',1,13, 13);"
300029935PI1,1,"INSERT INTO `wc_t_action_log` (`PO`,`ActionID`,`Status`,`Msg`,`shipNo`,`ActionBy`, `ActionByRole`) VALUES ('300029935PI1', 155, 1, 'Item arrived at Warehouse.',1,13, 13);"
300029935PI1,2,"INSERT INTO `wc_t_action_log` (`PO`,`ActionID`,`Status`,`Msg`,`shipNo`,`ActionBy`, `ActionByRole`) VALUES ('300029935PI1', 155, 1, 'Item arrived at Warehouse.',2,13, 13);"
300029999PI1,2,"INSERT INTO `wc_t_action_log` (`PO`,`ActionID`,`Status`,`Msg`,`shipNo`,`ActionBy`, `ActionByRole`) VALUES ('300029999PI1', 155, 1, 'Item arrived at Warehouse.',2,13, 13);"
300027525PI1,1,"INSERT INTO `wc_t_action_log` (`PO`,`ActionID`,`Status`,`Msg`,`shipNo`,`ActionBy`, `ActionByRole`) VALUES ('300027525PI1', 155, 1, 'Item arrived at Warehouse.',1,13, 13);"
300029935PI1,3,"INSERT INTO `wc_t_action_log` (`PO`,`ActionID`,`Status`,`Msg`,`shipNo`,`ActionBy`, `ActionByRole`) VALUES ('300029935PI1', 155, 1, 'Item arrived at Warehouse.',3,13, 13);"
300028768PI1,1,"INSERT INTO `wc_t_action_log` (`PO`,`ActionID`,`Status`,`Msg`,`shipNo`,`ActionBy`, `ActionByRole`) VALUES ('300028768PI1', 155, 1, 'Item arrived at Warehouse.',1,13, 13);"
300030059PI1,1,"INSERT INTO `wc_t_action_log` (`PO`,`ActionID`,`Status`,`Msg`,`shipNo`,`ActionBy`, `ActionByRole`) VALUES ('300030059PI1', 155, 1, 'Item arrived at Warehouse.',1,13, 13);"
300029931PI1,1,"INSERT INTO `wc_t_action_log` (`PO`,`ActionID`,`Status`,`Msg`,`shipNo`,`ActionBy`, `ActionByRole`) VALUES ('300029931PI1', 155, 1, 'Item arrived at Warehouse.',1,13, 13);"
300029935PI1,4,"INSERT INTO `wc_t_action_log` (`PO`,`ActionID`,`Status`,`Msg`,`shipNo`,`ActionBy`, `ActionByRole`) VALUES ('300029935PI1', 155, 1, 'Item arrived at Warehouse.',4,13, 13);"
300029935PI1,5,"INSERT INTO `wc_t_action_log` (`PO`,`ActionID`,`Status`,`Msg`,`shipNo`,`ActionBy`, `ActionByRole`) VALUES ('300029935PI1', 155, 1, 'Item arrived at Warehouse.',5,13, 13);"
300030535PI1,1,"INSERT INTO `wc_t_action_log` (`PO`,`ActionID`,`Status`,`Msg`,`shipNo`,`ActionBy`, `ActionByRole`) VALUES ('300030535PI1', 155, 1, 'Item arrived at Warehouse.',1,13, 13);"
300030535PI1,2,"INSERT INTO `wc_t_action_log` (`PO`,`ActionID`,`Status`,`Msg`,`shipNo`,`ActionBy`, `ActionByRole`) VALUES ('300030535PI1', 155, 1, 'Item arrived at Warehouse.',2,13, 13);"
300031732PI1,1,"INSERT INTO `wc_t_action_log` (`PO`,`ActionID`,`Status`,`Msg`,`shipNo`,`ActionBy`, `ActionByRole`) VALUES ('300031732PI1', 155, 1, 'Item arrived at Warehouse.',1,13, 13);"
300031909PI1,1,"INSERT INTO `wc_t_action_log` (`PO`,`ActionID`,`Status`,`Msg`,`shipNo`,`ActionBy`, `ActionByRole`) VALUES ('300031909PI1', 155, 1, 'Item arrived at Warehouse.',1,13, 13);"
300030534PI1,1,"INSERT INTO `wc_t_action_log` (`PO`,`ActionID`,`Status`,`Msg`,`shipNo`,`ActionBy`, `ActionByRole`) VALUES ('300030534PI1', 155, 1, 'Item arrived at Warehouse.',1,13, 13);"
300030535PI1,3,"INSERT INTO `wc_t_action_log` (`PO`,`ActionID`,`Status`,`Msg`,`shipNo`,`ActionBy`, `ActionByRole`) VALUES ('300030535PI1', 155, 1, 'Item arrived at Warehouse.',3,13, 13);"
300030574PI1,1,"INSERT INTO `wc_t_action_log` (`PO`,`ActionID`,`Status`,`Msg`,`shipNo`,`ActionBy`, `ActionByRole`) VALUES ('300030574PI1', 155, 1, 'Item arrived at Warehouse.',1,13, 13);"
300031910PI1,1,"INSERT INTO `wc_t_action_log` (`PO`,`ActionID`,`Status`,`Msg`,`shipNo`,`ActionBy`, `ActionByRole`) VALUES ('300031910PI1', 155, 1, 'Item arrived at Warehouse.',1,13, 13);"
300031737PI1,1,"INSERT INTO `wc_t_action_log` (`PO`,`ActionID`,`Status`,`Msg`,`shipNo`,`ActionBy`, `ActionByRole`) VALUES ('300031737PI1', 155, 1, 'Item arrived at Warehouse.',1,13, 13);"
300031732PI1,2,"INSERT INTO `wc_t_action_log` (`PO`,`ActionID`,`Status`,`Msg`,`shipNo`,`ActionBy`, `ActionByRole`) VALUES ('300031732PI1', 155, 1, 'Item arrived at Warehouse.',2,13, 13);"
300030535PI1,4,"INSERT INTO `wc_t_action_log` (`PO`,`ActionID`,`Status`,`Msg`,`shipNo`,`ActionBy`, `ActionByRole`) VALUES ('300030535PI1', 155, 1, 'Item arrived at Warehouse.',4,13, 13);"
300031882PI1,1,"INSERT INTO `wc_t_action_log` (`PO`,`ActionID`,`Status`,`Msg`,`shipNo`,`ActionBy`, `ActionByRole`) VALUES ('300031882PI1', 155, 1, 'Item arrived at Warehouse.',1,13, 13);"
300031910PI1,2,"INSERT INTO `wc_t_action_log` (`PO`,`ActionID`,`Status`,`Msg`,`shipNo`,`ActionBy`, `ActionByRole`) VALUES ('300031910PI1', 155, 1, 'Item arrived at Warehouse.',2,13, 13);"
300030534PI1,2,"INSERT INTO `wc_t_action_log` (`PO`,`ActionID`,`Status`,`Msg`,`shipNo`,`ActionBy`, `ActionByRole`) VALUES ('300030534PI1', 155, 1, 'Item arrived at Warehouse.',2,13, 13);"
300030535PI1,5,"INSERT INTO `wc_t_action_log` (`PO`,`ActionID`,`Status`,`Msg`,`shipNo`,`ActionBy`, `ActionByRole`) VALUES ('300030535PI1', 155, 1, 'Item arrived at Warehouse.',5,13, 13);"
300030605PI1,1,"INSERT INTO `wc_t_action_log` (`PO`,`ActionID`,`Status`,`Msg`,`shipNo`,`ActionBy`, `ActionByRole`) VALUES ('300030605PI1', 155, 1, 'Item arrived at Warehouse.',1,13, 13);"
300031883PI1,1,"INSERT INTO `wc_t_action_log` (`PO`,`ActionID`,`Status`,`Msg`,`shipNo`,`ActionBy`, `ActionByRole`) VALUES ('300031883PI1', 155, 1, 'Item arrived at Warehouse.',1,13, 13);"
300031810PI1,1,"INSERT INTO `wc_t_action_log` (`PO`,`ActionID`,`Status`,`Msg`,`shipNo`,`ActionBy`, `ActionByRole`) VALUES ('300031810PI1', 155, 1, 'Item arrived at Warehouse.',1,13, 13);"
300030535PI1,6,"INSERT INTO `wc_t_action_log` (`PO`,`ActionID`,`Status`,`Msg`,`shipNo`,`ActionBy`, `ActionByRole`) VALUES ('300030535PI1', 155, 1, 'Item arrived at Warehouse.',6,13, 13);"
300031810PI1,2,"INSERT INTO `wc_t_action_log` (`PO`,`ActionID`,`Status`,`Msg`,`shipNo`,`ActionBy`, `ActionByRole`) VALUES ('300031810PI1', 155, 1, 'Item arrived at Warehouse.',2,13, 13);"
300030535PI1,7,"INSERT INTO `wc_t_action_log` (`PO`,`ActionID`,`Status`,`Msg`,`shipNo`,`ActionBy`, `ActionByRole`) VALUES ('300030535PI1', 155, 1, 'Item arrived at Warehouse.',7,13, 13);"
300025802PI1,1,"INSERT INTO `wc_t_action_log` (`PO`,`ActionID`,`Status`,`Msg`,`shipNo`,`ActionBy`, `ActionByRole`) VALUES ('300025802PI1', 155, 1, 'Item arrived at Warehouse.',1,13, 13);"
300030243PI1,1,"INSERT INTO `wc_t_action_log` (`PO`,`ActionID`,`Status`,`Msg`,`shipNo`,`ActionBy`, `ActionByRole`) VALUES ('300030243PI1', 155, 1, 'Item arrived at Warehouse.',1,13, 13);"
300030243PI1,2,"INSERT INTO `wc_t_action_log` (`PO`,`ActionID`,`Status`,`Msg`,`shipNo`,`ActionBy`, `ActionByRole`) VALUES ('300030243PI1', 155, 1, 'Item arrived at Warehouse.',2,13, 13);"
300031741PI1,1,"INSERT INTO `wc_t_action_log` (`PO`,`ActionID`,`Status`,`Msg`,`shipNo`,`ActionBy`, `ActionByRole`) VALUES ('300031741PI1', 155, 1, 'Item arrived at Warehouse.',1,13, 13);"
300032123PI1,1,"INSERT INTO `wc_t_action_log` (`PO`,`ActionID`,`Status`,`Msg`,`shipNo`,`ActionBy`, `ActionByRole`) VALUES ('300032123PI1', 155, 1, 'Item arrived at Warehouse.',1,13, 13);"
300032627PI1,1,"INSERT INTO `wc_t_action_log` (`PO`,`ActionID`,`Status`,`Msg`,`shipNo`,`ActionBy`, `ActionByRole`) VALUES ('300032627PI1', 155, 1, 'Item arrived at Warehouse.',1,13, 13);"
300033001PI1,1,"INSERT INTO `wc_t_action_log` (`PO`,`ActionID`,`Status`,`Msg`,`shipNo`,`ActionBy`, `ActionByRole`) VALUES ('300033001PI1', 155, 1, 'Item arrived at Warehouse.',1,13, 13);"
300033001PI1,2,"INSERT INTO `wc_t_action_log` (`PO`,`ActionID`,`Status`,`Msg`,`shipNo`,`ActionBy`, `ActionByRole`) VALUES ('300033001PI1', 155, 1, 'Item arrived at Warehouse.',2,13, 13);"
300029935PI1,7,"INSERT INTO `wc_t_action_log` (`PO`,`ActionID`,`Status`,`Msg`,`shipNo`,`ActionBy`, `ActionByRole`) VALUES ('300029935PI1', 155, 1, 'Item arrived at Warehouse.',7,13, 13);"
300030000PI1,1,"INSERT INTO `wc_t_action_log` (`PO`,`ActionID`,`Status`,`Msg`,`shipNo`,`ActionBy`, `ActionByRole`) VALUES ('300030000PI1', 155, 1, 'Item arrived at Warehouse.',1,13, 13);"
300030606PI1,1,"INSERT INTO `wc_t_action_log` (`PO`,`ActionID`,`Status`,`Msg`,`shipNo`,`ActionBy`, `ActionByRole`) VALUES ('300030606PI1', 155, 1, 'Item arrived at Warehouse.',1,13, 13);"
300033401PI1,1,"INSERT INTO `wc_t_action_log` (`PO`,`ActionID`,`Status`,`Msg`,`shipNo`,`ActionBy`, `ActionByRole`) VALUES ('300033401PI1', 155, 1, 'Item arrived at Warehouse.',1,13, 13);"
300032103PI1,1,"INSERT INTO `wc_t_action_log` (`PO`,`ActionID`,`Status`,`Msg`,`shipNo`,`ActionBy`, `ActionByRole`) VALUES ('300032103PI1', 155, 1, 'Item arrived at Warehouse.',1,13, 13);"
300030058PI1,1,"INSERT INTO `wc_t_action_log` (`PO`,`ActionID`,`Status`,`Msg`,`shipNo`,`ActionBy`, `ActionByRole`) VALUES ('300030058PI1', 155, 1, 'Item arrived at Warehouse.',1,13, 13);"
300032240PI1,1,"INSERT INTO `wc_t_action_log` (`PO`,`ActionID`,`Status`,`Msg`,`shipNo`,`ActionBy`, `ActionByRole`) VALUES ('300032240PI1', 155, 1, 'Item arrived at Warehouse.',1,13, 13);"
300030553PI1,1,"INSERT INTO `wc_t_action_log` (`PO`,`ActionID`,`Status`,`Msg`,`shipNo`,`ActionBy`, `ActionByRole`) VALUES ('300030553PI1', 155, 1, 'Item arrived at Warehouse.',1,13, 13);"
300026777PI1,1,"INSERT INTO `wc_t_action_log` (`PO`,`ActionID`,`Status`,`Msg`,`shipNo`,`ActionBy`, `ActionByRole`) VALUES ('300026777PI1', 155, 1, 'Item arrived at Warehouse.',1,13, 13);"
300033014PI1,1,"INSERT INTO `wc_t_action_log` (`PO`,`ActionID`,`Status`,`Msg`,`shipNo`,`ActionBy`, `ActionByRole`) VALUES ('300033014PI1', 155, 1, 'Item arrived at Warehouse.',1,13, 13);"
300033401PI1,2,"INSERT INTO `wc_t_action_log` (`PO`,`ActionID`,`Status`,`Msg`,`shipNo`,`ActionBy`, `ActionByRole`) VALUES ('300033401PI1', 155, 1, 'Item arrived at Warehouse.',2,13, 13);"
300033002PI1,1,"INSERT INTO `wc_t_action_log` (`PO`,`ActionID`,`Status`,`Msg`,`shipNo`,`ActionBy`, `ActionByRole`) VALUES ('300033002PI1', 155, 1, 'Item arrived at Warehouse.',1,13, 13);"
300032064PI1,1,"INSERT INTO `wc_t_action_log` (`PO`,`ActionID`,`Status`,`Msg`,`shipNo`,`ActionBy`, `ActionByRole`) VALUES ('300032064PI1', 155, 1, 'Item arrived at Warehouse.',1,13, 13);"
300032266PI1,1,"INSERT INTO `wc_t_action_log` (`PO`,`ActionID`,`Status`,`Msg`,`shipNo`,`ActionBy`, `ActionByRole`) VALUES ('300032266PI1', 155, 1, 'Item arrived at Warehouse.',1,13, 13);"
300031165PI1,1,"INSERT INTO `wc_t_action_log` (`PO`,`ActionID`,`Status`,`Msg`,`shipNo`,`ActionBy`, `ActionByRole`) VALUES ('300031165PI1', 155, 1, 'Item arrived at Warehouse.',1,13, 13);"
300033116PI1,1,"INSERT INTO `wc_t_action_log` (`PO`,`ActionID`,`Status`,`Msg`,`shipNo`,`ActionBy`, `ActionByRole`) VALUES ('300033116PI1', 155, 1, 'Item arrived at Warehouse.',1,13, 13);"
300033577PI1,1,"INSERT INTO `wc_t_action_log` (`PO`,`ActionID`,`Status`,`Msg`,`shipNo`,`ActionBy`, `ActionByRole`) VALUES ('300033577PI1', 155, 1, 'Item arrived at Warehouse.',1,13, 13);"
300029156PI1,1,"INSERT INTO `wc_t_action_log` (`PO`,`ActionID`,`Status`,`Msg`,`shipNo`,`ActionBy`, `ActionByRole`) VALUES ('300029156PI1', 155, 1, 'Item arrived at Warehouse.',1,13, 13);"
300033102PI1,1,"INSERT INTO `wc_t_action_log` (`PO`,`ActionID`,`Status`,`Msg`,`shipNo`,`ActionBy`, `ActionByRole`) VALUES ('300033102PI1', 155, 1, 'Item arrived at Warehouse.',1,13, 13);"
300033448PI1,1,"INSERT INTO `wc_t_action_log` (`PO`,`ActionID`,`Status`,`Msg`,`shipNo`,`ActionBy`, `ActionByRole`) VALUES ('300033448PI1', 155, 1, 'Item arrived at Warehouse.',1,13, 13);"
300033545PI1,1,"INSERT INTO `wc_t_action_log` (`PO`,`ActionID`,`Status`,`Msg`,`shipNo`,`ActionBy`, `ActionByRole`) VALUES ('300033545PI1', 155, 1, 'Item arrived at Warehouse.',1,13, 13);"
300032560PI1,1,"INSERT INTO `wc_t_action_log` (`PO`,`ActionID`,`Status`,`Msg`,`shipNo`,`ActionBy`, `ActionByRole`) VALUES ('300032560PI1', 155, 1, 'Item arrived at Warehouse.',1,13, 13);"
300033738PI1,1,"INSERT INTO `wc_t_action_log` (`PO`,`ActionID`,`Status`,`Msg`,`shipNo`,`ActionBy`, `ActionByRole`) VALUES ('300033738PI1', 155, 1, 'Item arrived at Warehouse.',1,13, 13);"
300033968PI1,1,"INSERT INTO `wc_t_action_log` (`PO`,`ActionID`,`Status`,`Msg`,`shipNo`,`ActionBy`, `ActionByRole`) VALUES ('300033968PI1', 155, 1, 'Item arrived at Warehouse.',1,13, 13);"
300032911PI1,1,"INSERT INTO `wc_t_action_log` (`PO`,`ActionID`,`Status`,`Msg`,`shipNo`,`ActionBy`, `ActionByRole`) VALUES ('300032911PI1', 155, 1, 'Item arrived at Warehouse.',1,13, 13);"
300032104PI1,1,"INSERT INTO `wc_t_action_log` (`PO`,`ActionID`,`Status`,`Msg`,`shipNo`,`ActionBy`, `ActionByRole`) VALUES ('300032104PI1', 155, 1, 'Item arrived at Warehouse.',1,13, 13);"
300033101PI1,1,"INSERT INTO `wc_t_action_log` (`PO`,`ActionID`,`Status`,`Msg`,`shipNo`,`ActionBy`, `ActionByRole`) VALUES ('300033101PI1', 155, 1, 'Item arrived at Warehouse.',1,13, 13);"
300034120PI1,1,"INSERT INTO `wc_t_action_log` (`PO`,`ActionID`,`Status`,`Msg`,`shipNo`,`ActionBy`, `ActionByRole`) VALUES ('300034120PI1', 155, 1, 'Item arrived at Warehouse.',1,13, 13);"
300033968PI1,2,"INSERT INTO `wc_t_action_log` (`PO`,`ActionID`,`Status`,`Msg`,`shipNo`,`ActionBy`, `ActionByRole`) VALUES ('300033968PI1', 155, 1, 'Item arrived at Warehouse.',2,13, 13);"
300034132PI1,1,"INSERT INTO `wc_t_action_log` (`PO`,`ActionID`,`Status`,`Msg`,`shipNo`,`ActionBy`, `ActionByRole`) VALUES ('300034132PI1', 155, 1, 'Item arrived at Warehouse.',1,13, 13);"
300034129PI1,1,"INSERT INTO `wc_t_action_log` (`PO`,`ActionID`,`Status`,`Msg`,`shipNo`,`ActionBy`, `ActionByRole`) VALUES ('300034129PI1', 155, 1, 'Item arrived at Warehouse.',1,13, 13);"
300020678PI1,1,"INSERT INTO `wc_t_action_log` (`PO`,`ActionID`,`Status`,`Msg`,`shipNo`,`ActionBy`, `ActionByRole`) VALUES ('300020678PI1', 155, 1, 'Item arrived at Warehouse.',1,13, 13);"
300030537PI1,1,"INSERT INTO `wc_t_action_log` (`PO`,`ActionID`,`Status`,`Msg`,`shipNo`,`ActionBy`, `ActionByRole`) VALUES ('300030537PI1', 155, 1, 'Item arrived at Warehouse.',1,13, 13);"
300033408PI1,1,"INSERT INTO `wc_t_action_log` (`PO`,`ActionID`,`Status`,`Msg`,`shipNo`,`ActionBy`, `ActionByRole`) VALUES ('300033408PI1', 155, 1, 'Item arrived at Warehouse.',1,13, 13);"
300034126PI1,1,"INSERT INTO `wc_t_action_log` (`PO`,`ActionID`,`Status`,`Msg`,`shipNo`,`ActionBy`, `ActionByRole`) VALUES ('300034126PI1', 155, 1, 'Item arrived at Warehouse.',1,13, 13);"
300034129PI1,2,"INSERT INTO `wc_t_action_log` (`PO`,`ActionID`,`Status`,`Msg`,`shipNo`,`ActionBy`, `ActionByRole`) VALUES ('300034129PI1', 155, 1, 'Item arrived at Warehouse.',2,13, 13);"
300033102PI1,2,"INSERT INTO `wc_t_action_log` (`PO`,`ActionID`,`Status`,`Msg`,`shipNo`,`ActionBy`, `ActionByRole`) VALUES ('300033102PI1', 155, 1, 'Item arrived at Warehouse.',2,13, 13);"
300032034PI1,1,"INSERT INTO `wc_t_action_log` (`PO`,`ActionID`,`Status`,`Msg`,`shipNo`,`ActionBy`, `ActionByRole`) VALUES ('300032034PI1', 155, 1, 'Item arrived at Warehouse.',1,13, 13);"
300034131PI1,1,"INSERT INTO `wc_t_action_log` (`PO`,`ActionID`,`Status`,`Msg`,`shipNo`,`ActionBy`, `ActionByRole`) VALUES ('300034131PI1', 155, 1, 'Item arrived at Warehouse.',1,13, 13);"
300034112PI1,1,"INSERT INTO `wc_t_action_log` (`PO`,`ActionID`,`Status`,`Msg`,`shipNo`,`ActionBy`, `ActionByRole`) VALUES ('300034112PI1', 155, 1, 'Item arrived at Warehouse.',1,13, 13);"
300034125PI1,1,"INSERT INTO `wc_t_action_log` (`PO`,`ActionID`,`Status`,`Msg`,`shipNo`,`ActionBy`, `ActionByRole`) VALUES ('300034125PI1', 155, 1, 'Item arrived at Warehouse.',1,13, 13);"
300034132PI1,2,"INSERT INTO `wc_t_action_log` (`PO`,`ActionID`,`Status`,`Msg`,`shipNo`,`ActionBy`, `ActionByRole`) VALUES ('300034132PI1', 155, 1, 'Item arrived at Warehouse.',2,13, 13);"
300033969PI1,1,"INSERT INTO `wc_t_action_log` (`PO`,`ActionID`,`Status`,`Msg`,`shipNo`,`ActionBy`, `ActionByRole`) VALUES ('300033969PI1', 155, 1, 'Item arrived at Warehouse.',1,13, 13);"
300034129PI1,3,"INSERT INTO `wc_t_action_log` (`PO`,`ActionID`,`Status`,`Msg`,`shipNo`,`ActionBy`, `ActionByRole`) VALUES ('300034129PI1', 155, 1, 'Item arrived at Warehouse.',3,13, 13);"
300030536PI1,1,"INSERT INTO `wc_t_action_log` (`PO`,`ActionID`,`Status`,`Msg`,`shipNo`,`ActionBy`, `ActionByRole`) VALUES ('300030536PI1', 155, 1, 'Item arrived at Warehouse.',1,13, 13);"
300033184PI1,1,"INSERT INTO `wc_t_action_log` (`PO`,`ActionID`,`Status`,`Msg`,`shipNo`,`ActionBy`, `ActionByRole`) VALUES ('300033184PI1', 155, 1, 'Item arrived at Warehouse.',1,13, 13);"
300035084PI1,1,"INSERT INTO `wc_t_action_log` (`PO`,`ActionID`,`Status`,`Msg`,`shipNo`,`ActionBy`, `ActionByRole`) VALUES ('300035084PI1', 155, 1, 'Item arrived at Warehouse.',1,13, 13);"
300035077PI1,1,"INSERT INTO `wc_t_action_log` (`PO`,`ActionID`,`Status`,`Msg`,`shipNo`,`ActionBy`, `ActionByRole`) VALUES ('300035077PI1', 155, 1, 'Item arrived at Warehouse.',1,13, 13);"
300034126PI1,2,"INSERT INTO `wc_t_action_log` (`PO`,`ActionID`,`Status`,`Msg`,`shipNo`,`ActionBy`, `ActionByRole`) VALUES ('300034126PI1', 155, 1, 'Item arrived at Warehouse.',2,13, 13);"
300034126PI1,3,"INSERT INTO `wc_t_action_log` (`PO`,`ActionID`,`Status`,`Msg`,`shipNo`,`ActionBy`, `ActionByRole`) VALUES ('300034126PI1', 155, 1, 'Item arrived at Warehouse.',3,13, 13);"
300034183PI1,1,"INSERT INTO `wc_t_action_log` (`PO`,`ActionID`,`Status`,`Msg`,`shipNo`,`ActionBy`, `ActionByRole`) VALUES ('300034183PI1', 155, 1, 'Item arrived at Warehouse.',1,13, 13);"
300034126PI1,4,"INSERT INTO `wc_t_action_log` (`PO`,`ActionID`,`Status`,`Msg`,`shipNo`,`ActionBy`, `ActionByRole`) VALUES ('300034126PI1', 155, 1, 'Item arrived at Warehouse.',4,13, 13);"
300034127PI1,1,"INSERT INTO `wc_t_action_log` (`PO`,`ActionID`,`Status`,`Msg`,`shipNo`,`ActionBy`, `ActionByRole`) VALUES ('300034127PI1', 155, 1, 'Item arrived at Warehouse.',1,13, 13);"
300034128PI1,1,"INSERT INTO `wc_t_action_log` (`PO`,`ActionID`,`Status`,`Msg`,`shipNo`,`ActionBy`, `ActionByRole`) VALUES ('300034128PI1', 155, 1, 'Item arrived at Warehouse.',1,13, 13);"
300034015PI1,1,"INSERT INTO `wc_t_action_log` (`PO`,`ActionID`,`Status`,`Msg`,`shipNo`,`ActionBy`, `ActionByRole`) VALUES ('300034015PI1', 155, 1, 'Item arrived at Warehouse.',1,13, 13);"
300032114PI1,1,"INSERT INTO `wc_t_action_log` (`PO`,`ActionID`,`Status`,`Msg`,`shipNo`,`ActionBy`, `ActionByRole`) VALUES ('300032114PI1', 155, 1, 'Item arrived at Warehouse.',1,13, 13);"
300031894PI1,1,"INSERT INTO `wc_t_action_log` (`PO`,`ActionID`,`Status`,`Msg`,`shipNo`,`ActionBy`, `ActionByRole`) VALUES ('300031894PI1', 155, 1, 'Item arrived at Warehouse.',1,13, 13);"
300034130PI1,1,"INSERT INTO `wc_t_action_log` (`PO`,`ActionID`,`Status`,`Msg`,`shipNo`,`ActionBy`, `ActionByRole`) VALUES ('300034130PI1', 155, 1, 'Item arrived at Warehouse.',1,13, 13);"
300033060PI1,1,"INSERT INTO `wc_t_action_log` (`PO`,`ActionID`,`Status`,`Msg`,`shipNo`,`ActionBy`, `ActionByRole`) VALUES ('300033060PI1', 155, 1, 'Item arrived at Warehouse.',1,13, 13);"
300034343PI1,1,"INSERT INTO `wc_t_action_log` (`PO`,`ActionID`,`Status`,`Msg`,`shipNo`,`ActionBy`, `ActionByRole`) VALUES ('300034343PI1', 155, 1, 'Item arrived at Warehouse.',1,13, 13);"
300034913PI1,1,"INSERT INTO `wc_t_action_log` (`PO`,`ActionID`,`Status`,`Msg`,`shipNo`,`ActionBy`, `ActionByRole`) VALUES ('300034913PI1', 155, 1, 'Item arrived at Warehouse.',1,13, 13);"
300035479PI1,1,"INSERT INTO `wc_t_action_log` (`PO`,`ActionID`,`Status`,`Msg`,`shipNo`,`ActionBy`, `ActionByRole`) VALUES ('300035479PI1', 155, 1, 'Item arrived at Warehouse.',1,13, 13);"
300035848PI1,1,"INSERT INTO `wc_t_action_log` (`PO`,`ActionID`,`Status`,`Msg`,`shipNo`,`ActionBy`, `ActionByRole`) VALUES ('300035848PI1', 155, 1, 'Item arrived at Warehouse.',1,13, 13);"
300035870PI1,1,"INSERT INTO `wc_t_action_log` (`PO`,`ActionID`,`Status`,`Msg`,`shipNo`,`ActionBy`, `ActionByRole`) VALUES ('300035870PI1', 155, 1, 'Item arrived at Warehouse.',1,13, 13);"
300034016PI1,1,"INSERT INTO `wc_t_action_log` (`PO`,`ActionID`,`Status`,`Msg`,`shipNo`,`ActionBy`, `ActionByRole`) VALUES ('300034016PI1', 155, 1, 'Item arrived at Warehouse.',1,13, 13);"
300034696PI1,1,"INSERT INTO `wc_t_action_log` (`PO`,`ActionID`,`Status`,`Msg`,`shipNo`,`ActionBy`, `ActionByRole`) VALUES ('300034696PI1', 155, 1, 'Item arrived at Warehouse.',1,13, 13);"
300035206PI1,1,"INSERT INTO `wc_t_action_log` (`PO`,`ActionID`,`Status`,`Msg`,`shipNo`,`ActionBy`, `ActionByRole`) VALUES ('300035206PI1', 155, 1, 'Item arrived at Warehouse.',1,13, 13);"
300035014PI1,1,"INSERT INTO `wc_t_action_log` (`PO`,`ActionID`,`Status`,`Msg`,`shipNo`,`ActionBy`, `ActionByRole`) VALUES ('300035014PI1', 155, 1, 'Item arrived at Warehouse.',1,13, 13);"
300034630PI1,2,"INSERT INTO `wc_t_action_log` (`PO`,`ActionID`,`Status`,`Msg`,`shipNo`,`ActionBy`, `ActionByRole`) VALUES ('300034630PI1', 155, 1, 'Item arrived at Warehouse.',2,13, 13);"
300035206PI1,2,"INSERT INTO `wc_t_action_log` (`PO`,`ActionID`,`Status`,`Msg`,`shipNo`,`ActionBy`, `ActionByRole`) VALUES ('300035206PI1', 155, 1, 'Item arrived at Warehouse.',2,13, 13);"
300035210PI1,1,"INSERT INTO `wc_t_action_log` (`PO`,`ActionID`,`Status`,`Msg`,`shipNo`,`ActionBy`, `ActionByRole`) VALUES ('300035210PI1', 155, 1, 'Item arrived at Warehouse.',1,13, 13);"
300035364PI1,1,"INSERT INTO `wc_t_action_log` (`PO`,`ActionID`,`Status`,`Msg`,`shipNo`,`ActionBy`, `ActionByRole`) VALUES ('300035364PI1', 155, 1, 'Item arrived at Warehouse.',1,13, 13);"
300035693PI1,1,"INSERT INTO `wc_t_action_log` (`PO`,`ActionID`,`Status`,`Msg`,`shipNo`,`ActionBy`, `ActionByRole`) VALUES ('300035693PI1', 155, 1, 'Item arrived at Warehouse.',1,13, 13);"
300035513PI1,1,"INSERT INTO `wc_t_action_log` (`PO`,`ActionID`,`Status`,`Msg`,`shipNo`,`ActionBy`, `ActionByRole`) VALUES ('300035513PI1', 155, 1, 'Item arrived at Warehouse.',1,13, 13);"
300033746PI1,1,"INSERT INTO `wc_t_action_log` (`PO`,`ActionID`,`Status`,`Msg`,`shipNo`,`ActionBy`, `ActionByRole`) VALUES ('300033746PI1', 155, 1, 'Item arrived at Warehouse.',1,13, 13);"
300033729PI1,1,"INSERT INTO `wc_t_action_log` (`PO`,`ActionID`,`Status`,`Msg`,`shipNo`,`ActionBy`, `ActionByRole`) VALUES ('300033729PI1', 155, 1, 'Item arrived at Warehouse.',1,13, 13);"
300035952PI1,1,"INSERT INTO `wc_t_action_log` (`PO`,`ActionID`,`Status`,`Msg`,`shipNo`,`ActionBy`, `ActionByRole`) VALUES ('300035952PI1', 155, 1, 'Item arrived at Warehouse.',1,13, 13);"
300034129PI1,4,"INSERT INTO `wc_t_action_log` (`PO`,`ActionID`,`Status`,`Msg`,`shipNo`,`ActionBy`, `ActionByRole`) VALUES ('300034129PI1', 155, 1, 'Item arrived at Warehouse.',4,13, 13);"
300034630PI1,1,"INSERT INTO `wc_t_action_log` (`PO`,`ActionID`,`Status`,`Msg`,`shipNo`,`ActionBy`, `ActionByRole`) VALUES ('300034630PI1', 155, 1, 'Item arrived at Warehouse.',1,13, 13);"
300034910PI1,1,"INSERT INTO `wc_t_action_log` (`PO`,`ActionID`,`Status`,`Msg`,`shipNo`,`ActionBy`, `ActionByRole`) VALUES ('300034910PI1', 155, 1, 'Item arrived at Warehouse.',1,13, 13);"
300032067PI1,1,"INSERT INTO `wc_t_action_log` (`PO`,`ActionID`,`Status`,`Msg`,`shipNo`,`ActionBy`, `ActionByRole`) VALUES ('300032067PI1', 155, 1, 'Item arrived at Warehouse.',1,13, 13);"
300035710PI1,1,"INSERT INTO `wc_t_action_log` (`PO`,`ActionID`,`Status`,`Msg`,`shipNo`,`ActionBy`, `ActionByRole`) VALUES ('300035710PI1', 155, 1, 'Item arrived at Warehouse.',1,13, 13);"
300035725PI1,1,"INSERT INTO `wc_t_action_log` (`PO`,`ActionID`,`Status`,`Msg`,`shipNo`,`ActionBy`, `ActionByRole`) VALUES ('300035725PI1', 155, 1, 'Item arrived at Warehouse.',1,13, 13);"
300035727PI1,1,"INSERT INTO `wc_t_action_log` (`PO`,`ActionID`,`Status`,`Msg`,`shipNo`,`ActionBy`, `ActionByRole`) VALUES ('300035727PI1', 155, 1, 'Item arrived at Warehouse.',1,13, 13);"
300034205PI1,1,"INSERT INTO `wc_t_action_log` (`PO`,`ActionID`,`Status`,`Msg`,`shipNo`,`ActionBy`, `ActionByRole`) VALUES ('300034205PI1', 155, 1, 'Item arrived at Warehouse.',1,13, 13);"
300030186PI1,1,"INSERT INTO `wc_t_action_log` (`PO`,`ActionID`,`Status`,`Msg`,`shipNo`,`ActionBy`, `ActionByRole`) VALUES ('300030186PI1', 155, 1, 'Item arrived at Warehouse.',1,13, 13);"
300036035PI1,2,"INSERT INTO `wc_t_action_log` (`PO`,`ActionID`,`Status`,`Msg`,`shipNo`,`ActionBy`, `ActionByRole`) VALUES ('300036035PI1', 155, 1, 'Item arrived at Warehouse.',2,13, 13);"
300036035PI1,1,"INSERT INTO `wc_t_action_log` (`PO`,`ActionID`,`Status`,`Msg`,`shipNo`,`ActionBy`, `ActionByRole`) VALUES ('300036035PI1', 155, 1, 'Item arrived at Warehouse.',1,13, 13);"
300035921PI1,1,"INSERT INTO `wc_t_action_log` (`PO`,`ActionID`,`Status`,`Msg`,`shipNo`,`ActionBy`, `ActionByRole`) VALUES ('300035921PI1', 155, 1, 'Item arrived at Warehouse.',1,13, 13);"
300036035PI1,3,"INSERT INTO `wc_t_action_log` (`PO`,`ActionID`,`Status`,`Msg`,`shipNo`,`ActionBy`, `ActionByRole`) VALUES ('300036035PI1', 155, 1, 'Item arrived at Warehouse.',3,13, 13);"
300036314PI1,1,"INSERT INTO `wc_t_action_log` (`PO`,`ActionID`,`Status`,`Msg`,`shipNo`,`ActionBy`, `ActionByRole`) VALUES ('300036314PI1', 155, 1, 'Item arrived at Warehouse.',1,13, 13);"
300036734PI1,1,"INSERT INTO `wc_t_action_log` (`PO`,`ActionID`,`Status`,`Msg`,`shipNo`,`ActionBy`, `ActionByRole`) VALUES ('300036734PI1', 155, 1, 'Item arrived at Warehouse.',1,13, 13);"
300035923PI1,1,"INSERT INTO `wc_t_action_log` (`PO`,`ActionID`,`Status`,`Msg`,`shipNo`,`ActionBy`, `ActionByRole`) VALUES ('300035923PI1', 155, 1, 'Item arrived at Warehouse.',1,13, 13);"
300036735PI1,1,"INSERT INTO `wc_t_action_log` (`PO`,`ActionID`,`Status`,`Msg`,`shipNo`,`ActionBy`, `ActionByRole`) VALUES ('300036735PI1', 155, 1, 'Item arrived at Warehouse.',1,13, 13);"
300035919PI1,1,"INSERT INTO `wc_t_action_log` (`PO`,`ActionID`,`Status`,`Msg`,`shipNo`,`ActionBy`, `ActionByRole`) VALUES ('300035919PI1', 155, 1, 'Item arrived at Warehouse.',1,13, 13);"
300037212PI1,1,"INSERT INTO `wc_t_action_log` (`PO`,`ActionID`,`Status`,`Msg`,`shipNo`,`ActionBy`, `ActionByRole`) VALUES ('300037212PI1', 155, 1, 'Item arrived at Warehouse.',1,13, 13);"
300037212PI1,2,"INSERT INTO `wc_t_action_log` (`PO`,`ActionID`,`Status`,`Msg`,`shipNo`,`ActionBy`, `ActionByRole`) VALUES ('300037212PI1', 155, 1, 'Item arrived at Warehouse.',2,13, 13);"
300035919PI1,2,"INSERT INTO `wc_t_action_log` (`PO`,`ActionID`,`Status`,`Msg`,`shipNo`,`ActionBy`, `ActionByRole`) VALUES ('300035919PI1', 155, 1, 'Item arrived at Warehouse.',2,13, 13);"
300036774PI1,1,"INSERT INTO `wc_t_action_log` (`PO`,`ActionID`,`Status`,`Msg`,`shipNo`,`ActionBy`, `ActionByRole`) VALUES ('300036774PI1', 155, 1, 'Item arrived at Warehouse.',1,13, 13);"
300035698PI1,1,"INSERT INTO `wc_t_action_log` (`PO`,`ActionID`,`Status`,`Msg`,`shipNo`,`ActionBy`, `ActionByRole`) VALUES ('300035698PI1', 155, 1, 'Item arrived at Warehouse.',1,13, 13);"
300036271PI1,1,"INSERT INTO `wc_t_action_log` (`PO`,`ActionID`,`Status`,`Msg`,`shipNo`,`ActionBy`, `ActionByRole`) VALUES ('300036271PI1', 155, 1, 'Item arrived at Warehouse.',1,13, 13);"
300035919PI1,1,"INSERT INTO `wc_t_action_log` (`PO`,`ActionID`,`Status`,`Msg`,`shipNo`,`ActionBy`, `ActionByRole`) VALUES ('300035919PI1', 155, 1, 'Item arrived at Warehouse.',1,13, 13);"
300036601PI1,1,"INSERT INTO `wc_t_action_log` (`PO`,`ActionID`,`Status`,`Msg`,`shipNo`,`ActionBy`, `ActionByRole`) VALUES ('300036601PI1', 155, 1, 'Item arrived at Warehouse.',1,13, 13);"
300036836PI1,1,"INSERT INTO `wc_t_action_log` (`PO`,`ActionID`,`Status`,`Msg`,`shipNo`,`ActionBy`, `ActionByRole`) VALUES ('300036836PI1', 155, 1, 'Item arrived at Warehouse.',1,13, 13);"
300038103PI1,1,"INSERT INTO `wc_t_action_log` (`PO`,`ActionID`,`Status`,`Msg`,`shipNo`,`ActionBy`, `ActionByRole`) VALUES ('300038103PI1', 155, 1, 'Item arrived at Warehouse.',1,13, 13);"
300038045PI1,1,"INSERT INTO `wc_t_action_log` (`PO`,`ActionID`,`Status`,`Msg`,`shipNo`,`ActionBy`, `ActionByRole`) VALUES ('300038045PI1', 155, 1, 'Item arrived at Warehouse.',1,13, 13);"
300038319PI1,1,"INSERT INTO `wc_t_action_log` (`PO`,`ActionID`,`Status`,`Msg`,`shipNo`,`ActionBy`, `ActionByRole`) VALUES ('300038319PI1', 155, 1, 'Item arrived at Warehouse.',1,13, 13);"
300038309PI1,1,"INSERT INTO `wc_t_action_log` (`PO`,`ActionID`,`Status`,`Msg`,`shipNo`,`ActionBy`, `ActionByRole`) VALUES ('300038309PI1', 155, 1, 'Item arrived at Warehouse.',1,13, 13);"
300038171PI1,3,"INSERT INTO `wc_t_action_log` (`PO`,`ActionID`,`Status`,`Msg`,`shipNo`,`ActionBy`, `ActionByRole`) VALUES ('300038171PI1', 155, 1, 'Item arrived at Warehouse.',3,13, 13);"
300037528PI1,1,"INSERT INTO `wc_t_action_log` (`PO`,`ActionID`,`Status`,`Msg`,`shipNo`,`ActionBy`, `ActionByRole`) VALUES ('300037528PI1', 155, 1, 'Item arrived at Warehouse.',1,13, 13);"
300037046PI1,1,"INSERT INTO `wc_t_action_log` (`PO`,`ActionID`,`Status`,`Msg`,`shipNo`,`ActionBy`, `ActionByRole`) VALUES ('300037046PI1', 155, 1, 'Item arrived at Warehouse.',1,13, 13);"
300038171PI1,2,"INSERT INTO `wc_t_action_log` (`PO`,`ActionID`,`Status`,`Msg`,`shipNo`,`ActionBy`, `ActionByRole`) VALUES ('300038171PI1', 155, 1, 'Item arrived at Warehouse.',2,13, 13);"
300038171PI1,1,"INSERT INTO `wc_t_action_log` (`PO`,`ActionID`,`Status`,`Msg`,`shipNo`,`ActionBy`, `ActionByRole`) VALUES ('300038171PI1', 155, 1, 'Item arrived at Warehouse.',1,13, 13);"
300038321PI1,1,"INSERT INTO `wc_t_action_log` (`PO`,`ActionID`,`Status`,`Msg`,`shipNo`,`ActionBy`, `ActionByRole`) VALUES ('300038321PI1', 155, 1, 'Item arrived at Warehouse.',1,13, 13);"
300036686PI1,1,"INSERT INTO `wc_t_action_log` (`PO`,`ActionID`,`Status`,`Msg`,`shipNo`,`ActionBy`, `ActionByRole`) VALUES ('300036686PI1', 155, 1, 'Item arrived at Warehouse.',1,13, 13);"
300038571PI1,1,"INSERT INTO `wc_t_action_log` (`PO`,`ActionID`,`Status`,`Msg`,`shipNo`,`ActionBy`, `ActionByRole`) VALUES ('300038571PI1', 155, 1, 'Item arrived at Warehouse.',1,13, 13);"
300038586PI1,1,"INSERT INTO `wc_t_action_log` (`PO`,`ActionID`,`Status`,`Msg`,`shipNo`,`ActionBy`, `ActionByRole`) VALUES ('300038586PI1', 155, 1, 'Item arrived at Warehouse.',1,13, 13);"
300038598PI1,1,"INSERT INTO `wc_t_action_log` (`PO`,`ActionID`,`Status`,`Msg`,`shipNo`,`ActionBy`, `ActionByRole`) VALUES ('300038598PI1', 155, 1, 'Item arrived at Warehouse.',1,13, 13);"
300038620PI1,1,"INSERT INTO `wc_t_action_log` (`PO`,`ActionID`,`Status`,`Msg`,`shipNo`,`ActionBy`, `ActionByRole`) VALUES ('300038620PI1', 155, 1, 'Item arrived at Warehouse.',1,13, 13);"
300038660PI1,1,"INSERT INTO `wc_t_action_log` (`PO`,`ActionID`,`Status`,`Msg`,`shipNo`,`ActionBy`, `ActionByRole`) VALUES ('300038660PI1', 155, 1, 'Item arrived at Warehouse.',1,13, 13);"
300038707PI1,1,"INSERT INTO `wc_t_action_log` (`PO`,`ActionID`,`Status`,`Msg`,`shipNo`,`ActionBy`, `ActionByRole`) VALUES ('300038707PI1', 155, 1, 'Item arrived at Warehouse.',1,13, 13);"
300037672PI1,1,"INSERT INTO `wc_t_action_log` (`PO`,`ActionID`,`Status`,`Msg`,`shipNo`,`ActionBy`, `ActionByRole`) VALUES ('300037672PI1', 155, 1, 'Item arrived at Warehouse.',1,13, 13);"
300036122PI1,1,"INSERT INTO `wc_t_action_log` (`PO`,`ActionID`,`Status`,`Msg`,`shipNo`,`ActionBy`, `ActionByRole`) VALUES ('300036122PI1', 155, 1, 'Item arrived at Warehouse.',1,13, 13);"
300034342PI1,1,"INSERT INTO `wc_t_action_log` (`PO`,`ActionID`,`Status`,`Msg`,`shipNo`,`ActionBy`, `ActionByRole`) VALUES ('300034342PI1', 155, 1, 'Item arrived at Warehouse.',1,13, 13);"
300038324PI1,1,"INSERT INTO `wc_t_action_log` (`PO`,`ActionID`,`Status`,`Msg`,`shipNo`,`ActionBy`, `ActionByRole`) VALUES ('300038324PI1', 155, 1, 'Item arrived at Warehouse.',1,13, 13);"
300037011PI1,1,"INSERT INTO `wc_t_action_log` (`PO`,`ActionID`,`Status`,`Msg`,`shipNo`,`ActionBy`, `ActionByRole`) VALUES ('300037011PI1', 155, 1, 'Item arrived at Warehouse.',1,13, 13);"
300038323PI1,1,"INSERT INTO `wc_t_action_log` (`PO`,`ActionID`,`Status`,`Msg`,`shipNo`,`ActionBy`, `ActionByRole`) VALUES ('300038323PI1', 155, 1, 'Item arrived at Warehouse.',1,13, 13);"
300038323PI1,2,"INSERT INTO `wc_t_action_log` (`PO`,`ActionID`,`Status`,`Msg`,`shipNo`,`ActionBy`, `ActionByRole`) VALUES ('300038323PI1', 155, 1, 'Item arrived at Warehouse.',2,13, 13);"
300038205PI1,1,"INSERT INTO `wc_t_action_log` (`PO`,`ActionID`,`Status`,`Msg`,`shipNo`,`ActionBy`, `ActionByRole`) VALUES ('300038205PI1', 155, 1, 'Item arrived at Warehouse.',1,13, 13);"
300038440PI1,1,"INSERT INTO `wc_t_action_log` (`PO`,`ActionID`,`Status`,`Msg`,`shipNo`,`ActionBy`, `ActionByRole`) VALUES ('300038440PI1', 155, 1, 'Item arrived at Warehouse.',1,13, 13);"
300038440PI1,2,"INSERT INTO `wc_t_action_log` (`PO`,`ActionID`,`Status`,`Msg`,`shipNo`,`ActionBy`, `ActionByRole`) VALUES ('300038440PI1', 155, 1, 'Item arrived at Warehouse.',2,13, 13);"
300038440PI1,3,"INSERT INTO `wc_t_action_log` (`PO`,`ActionID`,`Status`,`Msg`,`shipNo`,`ActionBy`, `ActionByRole`) VALUES ('300038440PI1', 155, 1, 'Item arrived at Warehouse.',3,13, 13);"
300038440PI1,4,"INSERT INTO `wc_t_action_log` (`PO`,`ActionID`,`Status`,`Msg`,`shipNo`,`ActionBy`, `ActionByRole`) VALUES ('300038440PI1', 155, 1, 'Item arrived at Warehouse.',4,13, 13);"
300036316PI1,1,"INSERT INTO `wc_t_action_log` (`PO`,`ActionID`,`Status`,`Msg`,`shipNo`,`ActionBy`, `ActionByRole`) VALUES ('300036316PI1', 155, 1, 'Item arrived at Warehouse.',1,13, 13);"
300039459PI1,1,"INSERT INTO `wc_t_action_log` (`PO`,`ActionID`,`Status`,`Msg`,`shipNo`,`ActionBy`, `ActionByRole`) VALUES ('300039459PI1', 155, 1, 'Item arrived at Warehouse.',1,13, 13);"
300039667PI1,1,"INSERT INTO `wc_t_action_log` (`PO`,`ActionID`,`Status`,`Msg`,`shipNo`,`ActionBy`, `ActionByRole`) VALUES ('300039667PI1', 155, 1, 'Item arrived at Warehouse.',1,13, 13);"
300039000PI1,1,"INSERT INTO `wc_t_action_log` (`PO`,`ActionID`,`Status`,`Msg`,`shipNo`,`ActionBy`, `ActionByRole`) VALUES ('300039000PI1', 155, 1, 'Item arrived at Warehouse.',1,13, 13);"
300039549PI1,1,"INSERT INTO `wc_t_action_log` (`PO`,`ActionID`,`Status`,`Msg`,`shipNo`,`ActionBy`, `ActionByRole`) VALUES ('300039549PI1', 155, 1, 'Item arrived at Warehouse.',1,13, 13);"
300038989PI1,1,"INSERT INTO `wc_t_action_log` (`PO`,`ActionID`,`Status`,`Msg`,`shipNo`,`ActionBy`, `ActionByRole`) VALUES ('300038989PI1', 155, 1, 'Item arrived at Warehouse.',1,13, 13);"
300039666PI1,1,"INSERT INTO `wc_t_action_log` (`PO`,`ActionID`,`Status`,`Msg`,`shipNo`,`ActionBy`, `ActionByRole`) VALUES ('300039666PI1', 155, 1, 'Item arrived at Warehouse.',1,13, 13);"
300039458PI1,1,"INSERT INTO `wc_t_action_log` (`PO`,`ActionID`,`Status`,`Msg`,`shipNo`,`ActionBy`, `ActionByRole`) VALUES ('300039458PI1', 155, 1, 'Item arrived at Warehouse.',1,13, 13);"
300040112PI1,1,"INSERT INTO `wc_t_action_log` (`PO`,`ActionID`,`Status`,`Msg`,`shipNo`,`ActionBy`, `ActionByRole`) VALUES ('300040112PI1', 155, 1, 'Item arrived at Warehouse.',1,13, 13);"
300038595PI1,1,"INSERT INTO `wc_t_action_log` (`PO`,`ActionID`,`Status`,`Msg`,`shipNo`,`ActionBy`, `ActionByRole`) VALUES ('300038595PI1', 155, 1, 'Item arrived at Warehouse.',1,13, 13);"
300040111PI1,1,"INSERT INTO `wc_t_action_log` (`PO`,`ActionID`,`Status`,`Msg`,`shipNo`,`ActionBy`, `ActionByRole`) VALUES ('300040111PI1', 155, 1, 'Item arrived at Warehouse.',1,13, 13);"
300040373PI1,1,"INSERT INTO `wc_t_action_log` (`PO`,`ActionID`,`Status`,`Msg`,`shipNo`,`ActionBy`, `ActionByRole`) VALUES ('300040373PI1', 155, 1, 'Item arrived at Warehouse.',1,13, 13);"
300039730PI1,1,"INSERT INTO `wc_t_action_log` (`PO`,`ActionID`,`Status`,`Msg`,`shipNo`,`ActionBy`, `ActionByRole`) VALUES ('300039730PI1', 155, 1, 'Item arrived at Warehouse.',1,13, 13);"
300038595PI1,2,"INSERT INTO `wc_t_action_log` (`PO`,`ActionID`,`Status`,`Msg`,`shipNo`,`ActionBy`, `ActionByRole`) VALUES ('300038595PI1', 155, 1, 'Item arrived at Warehouse.',2,13, 13);"
300039666PI1,2,"INSERT INTO `wc_t_action_log` (`PO`,`ActionID`,`Status`,`Msg`,`shipNo`,`ActionBy`, `ActionByRole`) VALUES ('300039666PI1', 155, 1, 'Item arrived at Warehouse.',2,13, 13);"
300039835PI1,1,"INSERT INTO `wc_t_action_log` (`PO`,`ActionID`,`Status`,`Msg`,`shipNo`,`ActionBy`, `ActionByRole`) VALUES ('300039835PI1', 155, 1, 'Item arrived at Warehouse.',1,13, 13);"
300039825PI1,1,"INSERT INTO `wc_t_action_log` (`PO`,`ActionID`,`Status`,`Msg`,`shipNo`,`ActionBy`, `ActionByRole`) VALUES ('300039825PI1', 155, 1, 'Item arrived at Warehouse.',1,13, 13);"
300039798PI1,1,"INSERT INTO `wc_t_action_log` (`PO`,`ActionID`,`Status`,`Msg`,`shipNo`,`ActionBy`, `ActionByRole`) VALUES ('300039798PI1', 155, 1, 'Item arrived at Warehouse.',1,13, 13);"
300039798PI1,2,"INSERT INTO `wc_t_action_log` (`PO`,`ActionID`,`Status`,`Msg`,`shipNo`,`ActionBy`, `ActionByRole`) VALUES ('300039798PI1', 155, 1, 'Item arrived at Warehouse.',2,13, 13);"
300040113PI1,1,"INSERT INTO `wc_t_action_log` (`PO`,`ActionID`,`Status`,`Msg`,`shipNo`,`ActionBy`, `ActionByRole`) VALUES ('300040113PI1', 155, 1, 'Item arrived at Warehouse.',1,13, 13);"
300039657PI1,1,"INSERT INTO `wc_t_action_log` (`PO`,`ActionID`,`Status`,`Msg`,`shipNo`,`ActionBy`, `ActionByRole`) VALUES ('300039657PI1', 155, 1, 'Item arrived at Warehouse.',1,13, 13);"
300040373PI1,2,"INSERT INTO `wc_t_action_log` (`PO`,`ActionID`,`Status`,`Msg`,`shipNo`,`ActionBy`, `ActionByRole`) VALUES ('300040373PI1', 155, 1, 'Item arrived at Warehouse.',2,13, 13);"
300039666PI1,3,"INSERT INTO `wc_t_action_log` (`PO`,`ActionID`,`Status`,`Msg`,`shipNo`,`ActionBy`, `ActionByRole`) VALUES ('300039666PI1', 155, 1, 'Item arrived at Warehouse.',3,13, 13);"
300039734PI1,2,"INSERT INTO `wc_t_action_log` (`PO`,`ActionID`,`Status`,`Msg`,`shipNo`,`ActionBy`, `ActionByRole`) VALUES ('300039734PI1', 155, 1, 'Item arrived at Warehouse.',2,13, 13);"
300039734PI1,1,"INSERT INTO `wc_t_action_log` (`PO`,`ActionID`,`Status`,`Msg`,`shipNo`,`ActionBy`, `ActionByRole`) VALUES ('300039734PI1', 155, 1, 'Item arrived at Warehouse.',1,13, 13);"
300038932PI1,1,"INSERT INTO `wc_t_action_log` (`PO`,`ActionID`,`Status`,`Msg`,`shipNo`,`ActionBy`, `ActionByRole`) VALUES ('300038932PI1', 155, 1, 'Item arrived at Warehouse.',1,13, 13);"
300040291PI1,1,"INSERT INTO `wc_t_action_log` (`PO`,`ActionID`,`Status`,`Msg`,`shipNo`,`ActionBy`, `ActionByRole`) VALUES ('300040291PI1', 155, 1, 'Item arrived at Warehouse.',1,13, 13);"
300038661PI1,1,"INSERT INTO `wc_t_action_log` (`PO`,`ActionID`,`Status`,`Msg`,`shipNo`,`ActionBy`, `ActionByRole`) VALUES ('300038661PI1', 155, 1, 'Item arrived at Warehouse.',1,13, 13);"
300040292PI1,1,"INSERT INTO `wc_t_action_log` (`PO`,`ActionID`,`Status`,`Msg`,`shipNo`,`ActionBy`, `ActionByRole`) VALUES ('300040292PI1', 155, 1, 'Item arrived at Warehouse.',1,13, 13);"
300038870PI1,1,"INSERT INTO `wc_t_action_log` (`PO`,`ActionID`,`Status`,`Msg`,`shipNo`,`ActionBy`, `ActionByRole`) VALUES ('300038870PI1', 155, 1, 'Item arrived at Warehouse.',1,13, 13);"
300040303PI1,1,"INSERT INTO `wc_t_action_log` (`PO`,`ActionID`,`Status`,`Msg`,`shipNo`,`ActionBy`, `ActionByRole`) VALUES ('300040303PI1', 155, 1, 'Item arrived at Warehouse.',1,13, 13);"
300038882PI1,1,"INSERT INTO `wc_t_action_log` (`PO`,`ActionID`,`Status`,`Msg`,`shipNo`,`ActionBy`, `ActionByRole`) VALUES ('300038882PI1', 155, 1, 'Item arrived at Warehouse.',1,13, 13);"
300039903PI1,1,"INSERT INTO `wc_t_action_log` (`PO`,`ActionID`,`Status`,`Msg`,`shipNo`,`ActionBy`, `ActionByRole`) VALUES ('300039903PI1', 155, 1, 'Item arrived at Warehouse.',1,13, 13);"
300039513PI1,1,"INSERT INTO `wc_t_action_log` (`PO`,`ActionID`,`Status`,`Msg`,`shipNo`,`ActionBy`, `ActionByRole`) VALUES ('300039513PI1', 155, 1, 'Item arrived at Warehouse.',1,13, 13);"
300038440PI1,5,"INSERT INTO `wc_t_action_log` (`PO`,`ActionID`,`Status`,`Msg`,`shipNo`,`ActionBy`, `ActionByRole`) VALUES ('300038440PI1', 155, 1, 'Item arrived at Warehouse.',5,13, 13);"
300038440PI1,6,"INSERT INTO `wc_t_action_log` (`PO`,`ActionID`,`Status`,`Msg`,`shipNo`,`ActionBy`, `ActionByRole`) VALUES ('300038440PI1', 155, 1, 'Item arrived at Warehouse.',6,13, 13);"
300039461PI1,1,"INSERT INTO `wc_t_action_log` (`PO`,`ActionID`,`Status`,`Msg`,`shipNo`,`ActionBy`, `ActionByRole`) VALUES ('300039461PI1', 155, 1, 'Item arrived at Warehouse.',1,13, 13);"
300039457PI1,1,"INSERT INTO `wc_t_action_log` (`PO`,`ActionID`,`Status`,`Msg`,`shipNo`,`ActionBy`, `ActionByRole`) VALUES ('300039457PI1', 155, 1, 'Item arrived at Warehouse.',1,13, 13);"
300037797PI1,1,"INSERT INTO `wc_t_action_log` (`PO`,`ActionID`,`Status`,`Msg`,`shipNo`,`ActionBy`, `ActionByRole`) VALUES ('300037797PI1', 155, 1, 'Item arrived at Warehouse.',1,13, 13);"
300039253PI1,1,"INSERT INTO `wc_t_action_log` (`PO`,`ActionID`,`Status`,`Msg`,`shipNo`,`ActionBy`, `ActionByRole`) VALUES ('300039253PI1', 155, 1, 'Item arrived at Warehouse.',1,13, 13);"
300038834PI1,1,"INSERT INTO `wc_t_action_log` (`PO`,`ActionID`,`Status`,`Msg`,`shipNo`,`ActionBy`, `ActionByRole`) VALUES ('300038834PI1', 155, 1, 'Item arrived at Warehouse.',1,13, 13);"
300038481PI1,1,"INSERT INTO `wc_t_action_log` (`PO`,`ActionID`,`Status`,`Msg`,`shipNo`,`ActionBy`, `ActionByRole`) VALUES ('300038481PI1', 155, 1, 'Item arrived at Warehouse.',1,13, 13);"
300039460PI1,1,"INSERT INTO `wc_t_action_log` (`PO`,`ActionID`,`Status`,`Msg`,`shipNo`,`ActionBy`, `ActionByRole`) VALUES ('300039460PI1', 155, 1, 'Item arrived at Warehouse.',1,13, 13);"
300041312PI1,1,"INSERT INTO `wc_t_action_log` (`PO`,`ActionID`,`Status`,`Msg`,`shipNo`,`ActionBy`, `ActionByRole`) VALUES ('300041312PI1', 155, 1, 'Item arrived at Warehouse.',1,13, 13);"
300039996PI1,1,"INSERT INTO `wc_t_action_log` (`PO`,`ActionID`,`Status`,`Msg`,`shipNo`,`ActionBy`, `ActionByRole`) VALUES ('300039996PI1', 155, 1, 'Item arrived at Warehouse.',1,13, 13);"
300040062PI1,1,"INSERT INTO `wc_t_action_log` (`PO`,`ActionID`,`Status`,`Msg`,`shipNo`,`ActionBy`, `ActionByRole`) VALUES ('300040062PI1', 155, 1, 'Item arrived at Warehouse.',1,13, 13);"
300040045PI1,1,"INSERT INTO `wc_t_action_log` (`PO`,`ActionID`,`Status`,`Msg`,`shipNo`,`ActionBy`, `ActionByRole`) VALUES ('300040045PI1', 155, 1, 'Item arrived at Warehouse.',1,13, 13);"
300041321PI1,1,"INSERT INTO `wc_t_action_log` (`PO`,`ActionID`,`Status`,`Msg`,`shipNo`,`ActionBy`, `ActionByRole`) VALUES ('300041321PI1', 155, 1, 'Item arrived at Warehouse.',1,13, 13);"
300041518PI1,1,"INSERT INTO `wc_t_action_log` (`PO`,`ActionID`,`Status`,`Msg`,`shipNo`,`ActionBy`, `ActionByRole`) VALUES ('300041518PI1', 155, 1, 'Item arrived at Warehouse.',1,13, 13);"
300038440PI1,7,"INSERT INTO `wc_t_action_log` (`PO`,`ActionID`,`Status`,`Msg`,`shipNo`,`ActionBy`, `ActionByRole`) VALUES ('300038440PI1', 155, 1, 'Item arrived at Warehouse.',7,13, 13);"
300041312PI1,2,"INSERT INTO `wc_t_action_log` (`PO`,`ActionID`,`Status`,`Msg`,`shipNo`,`ActionBy`, `ActionByRole`) VALUES ('300041312PI1', 155, 1, 'Item arrived at Warehouse.',2,13, 13);"
300041326PI1,1,"INSERT INTO `wc_t_action_log` (`PO`,`ActionID`,`Status`,`Msg`,`shipNo`,`ActionBy`, `ActionByRole`) VALUES ('300041326PI1', 155, 1, 'Item arrived at Warehouse.',1,13, 13);"
300041325PI1,1,"INSERT INTO `wc_t_action_log` (`PO`,`ActionID`,`Status`,`Msg`,`shipNo`,`ActionBy`, `ActionByRole`) VALUES ('300041325PI1', 155, 1, 'Item arrived at Warehouse.',1,13, 13);"
300041324PI1,1,"INSERT INTO `wc_t_action_log` (`PO`,`ActionID`,`Status`,`Msg`,`shipNo`,`ActionBy`, `ActionByRole`) VALUES ('300041324PI1', 155, 1, 'Item arrived at Warehouse.',1,13, 13);"
300041529PI1,1,"INSERT INTO `wc_t_action_log` (`PO`,`ActionID`,`Status`,`Msg`,`shipNo`,`ActionBy`, `ActionByRole`) VALUES ('300041529PI1', 155, 1, 'Item arrived at Warehouse.',1,13, 13);"
300041528PI1,1,"INSERT INTO `wc_t_action_log` (`PO`,`ActionID`,`Status`,`Msg`,`shipNo`,`ActionBy`, `ActionByRole`) VALUES ('300041528PI1', 155, 1, 'Item arrived at Warehouse.',1,13, 13);"
300040957PI1,1,"INSERT INTO `wc_t_action_log` (`PO`,`ActionID`,`Status`,`Msg`,`shipNo`,`ActionBy`, `ActionByRole`) VALUES ('300040957PI1', 155, 1, 'Item arrived at Warehouse.',1,13, 13);"
300038996PI1,1,"INSERT INTO `wc_t_action_log` (`PO`,`ActionID`,`Status`,`Msg`,`shipNo`,`ActionBy`, `ActionByRole`) VALUES ('300038996PI1', 155, 1, 'Item arrived at Warehouse.',1,13, 13);"
300038163PI1,1,"INSERT INTO `wc_t_action_log` (`PO`,`ActionID`,`Status`,`Msg`,`shipNo`,`ActionBy`, `ActionByRole`) VALUES ('300038163PI1', 155, 1, 'Item arrived at Warehouse.',1,13, 13);"
300040289PI1,1,"INSERT INTO `wc_t_action_log` (`PO`,`ActionID`,`Status`,`Msg`,`shipNo`,`ActionBy`, `ActionByRole`) VALUES ('300040289PI1', 155, 1, 'Item arrived at Warehouse.',1,13, 13);"
300041312PI1,3,"INSERT INTO `wc_t_action_log` (`PO`,`ActionID`,`Status`,`Msg`,`shipNo`,`ActionBy`, `ActionByRole`) VALUES ('300041312PI1', 155, 1, 'Item arrived at Warehouse.',3,13, 13);"
300039864PI1,1,"INSERT INTO `wc_t_action_log` (`PO`,`ActionID`,`Status`,`Msg`,`shipNo`,`ActionBy`, `ActionByRole`) VALUES ('300039864PI1', 155, 1, 'Item arrived at Warehouse.',1,13, 13);"
300040105PI1,1,"INSERT INTO `wc_t_action_log` (`PO`,`ActionID`,`Status`,`Msg`,`shipNo`,`ActionBy`, `ActionByRole`) VALUES ('300040105PI1', 155, 1, 'Item arrived at Warehouse.',1,13, 13);"
300039864PI1,2,"INSERT INTO `wc_t_action_log` (`PO`,`ActionID`,`Status`,`Msg`,`shipNo`,`ActionBy`, `ActionByRole`) VALUES ('300039864PI1', 155, 1, 'Item arrived at Warehouse.',2,13, 13);"
300041859PI1,1,"INSERT INTO `wc_t_action_log` (`PO`,`ActionID`,`Status`,`Msg`,`shipNo`,`ActionBy`, `ActionByRole`) VALUES ('300041859PI1', 155, 1, 'Item arrived at Warehouse.',1,13, 13);"
300040878PI1,1,"INSERT INTO `wc_t_action_log` (`PO`,`ActionID`,`Status`,`Msg`,`shipNo`,`ActionBy`, `ActionByRole`) VALUES ('300040878PI1', 155, 1, 'Item arrived at Warehouse.',1,13, 13);"
300041007PI1,1,"INSERT INTO `wc_t_action_log` (`PO`,`ActionID`,`Status`,`Msg`,`shipNo`,`ActionBy`, `ActionByRole`) VALUES ('300041007PI1', 155, 1, 'Item arrived at Warehouse.',1,13, 13);"
300041859PI1,2,"INSERT INTO `wc_t_action_log` (`PO`,`ActionID`,`Status`,`Msg`,`shipNo`,`ActionBy`, `ActionByRole`) VALUES ('300041859PI1', 155, 1, 'Item arrived at Warehouse.',2,13, 13);"
300041474PI1,1,"INSERT INTO `wc_t_action_log` (`PO`,`ActionID`,`Status`,`Msg`,`shipNo`,`ActionBy`, `ActionByRole`) VALUES ('300041474PI1', 155, 1, 'Item arrived at Warehouse.',1,13, 13);"
300041800PI1,1,"INSERT INTO `wc_t_action_log` (`PO`,`ActionID`,`Status`,`Msg`,`shipNo`,`ActionBy`, `ActionByRole`) VALUES ('300041800PI1', 155, 1, 'Item arrived at Warehouse.',1,13, 13);"
300041480PI1,1,"INSERT INTO `wc_t_action_log` (`PO`,`ActionID`,`Status`,`Msg`,`shipNo`,`ActionBy`, `ActionByRole`) VALUES ('300041480PI1', 155, 1, 'Item arrived at Warehouse.',1,13, 13);"
300041417PI1,1,"INSERT INTO `wc_t_action_log` (`PO`,`ActionID`,`Status`,`Msg`,`shipNo`,`ActionBy`, `ActionByRole`) VALUES ('300041417PI1', 155, 1, 'Item arrived at Warehouse.',1,13, 13);"
300041344PI1,1,"INSERT INTO `wc_t_action_log` (`PO`,`ActionID`,`Status`,`Msg`,`shipNo`,`ActionBy`, `ActionByRole`) VALUES ('300041344PI1', 155, 1, 'Item arrived at Warehouse.',1,13, 13);"
300042865PI1,1,"INSERT INTO `wc_t_action_log` (`PO`,`ActionID`,`Status`,`Msg`,`shipNo`,`ActionBy`, `ActionByRole`) VALUES ('300042865PI1', 155, 1, 'Item arrived at Warehouse.',1,13, 13);"
300038927PI1,1,"INSERT INTO `wc_t_action_log` (`PO`,`ActionID`,`Status`,`Msg`,`shipNo`,`ActionBy`, `ActionByRole`) VALUES ('300038927PI1', 155, 1, 'Item arrived at Warehouse.',1,13, 13);"
300037797PI1,2,"INSERT INTO `wc_t_action_log` (`PO`,`ActionID`,`Status`,`Msg`,`shipNo`,`ActionBy`, `ActionByRole`) VALUES ('300037797PI1', 155, 1, 'Item arrived at Warehouse.',2,13, 13);"
300042865PI1,2,"INSERT INTO `wc_t_action_log` (`PO`,`ActionID`,`Status`,`Msg`,`shipNo`,`ActionBy`, `ActionByRole`) VALUES ('300042865PI1', 155, 1, 'Item arrived at Warehouse.',2,13, 13);"
300041235PI1,1,"INSERT INTO `wc_t_action_log` (`PO`,`ActionID`,`Status`,`Msg`,`shipNo`,`ActionBy`, `ActionByRole`) VALUES ('300041235PI1', 155, 1, 'Item arrived at Warehouse.',1,13, 13);"
300041437PI1,1,"INSERT INTO `wc_t_action_log` (`PO`,`ActionID`,`Status`,`Msg`,`shipNo`,`ActionBy`, `ActionByRole`) VALUES ('300041437PI1', 155, 1, 'Item arrived at Warehouse.',1,13, 13);"
300041008PI1,1,"INSERT INTO `wc_t_action_log` (`PO`,`ActionID`,`Status`,`Msg`,`shipNo`,`ActionBy`, `ActionByRole`) VALUES ('300041008PI1', 155, 1, 'Item arrived at Warehouse.',1,13, 13);"
300042204PI1,1,"INSERT INTO `wc_t_action_log` (`PO`,`ActionID`,`Status`,`Msg`,`shipNo`,`ActionBy`, `ActionByRole`) VALUES ('300042204PI1', 155, 1, 'Item arrived at Warehouse.',1,13, 13);"
300041861PI1,1,"INSERT INTO `wc_t_action_log` (`PO`,`ActionID`,`Status`,`Msg`,`shipNo`,`ActionBy`, `ActionByRole`) VALUES ('300041861PI1', 155, 1, 'Item arrived at Warehouse.',1,13, 13);"
300040958PI1,1,"INSERT INTO `wc_t_action_log` (`PO`,`ActionID`,`Status`,`Msg`,`shipNo`,`ActionBy`, `ActionByRole`) VALUES ('300040958PI1', 155, 1, 'Item arrived at Warehouse.',1,13, 13);"
300042661PI1,1,"INSERT INTO `wc_t_action_log` (`PO`,`ActionID`,`Status`,`Msg`,`shipNo`,`ActionBy`, `ActionByRole`) VALUES ('300042661PI1', 155, 1, 'Item arrived at Warehouse.',1,13, 13);"
300040896PI1,1,"INSERT INTO `wc_t_action_log` (`PO`,`ActionID`,`Status`,`Msg`,`shipNo`,`ActionBy`, `ActionByRole`) VALUES ('300040896PI1', 155, 1, 'Item arrived at Warehouse.',1,13, 13);"
300043621PI1,1,"INSERT INTO `wc_t_action_log` (`PO`,`ActionID`,`Status`,`Msg`,`shipNo`,`ActionBy`, `ActionByRole`) VALUES ('300043621PI1', 155, 1, 'Item arrived at Warehouse.',1,13, 13);"
300041876PI1,1,"INSERT INTO `wc_t_action_log` (`PO`,`ActionID`,`Status`,`Msg`,`shipNo`,`ActionBy`, `ActionByRole`) VALUES ('300041876PI1', 155, 1, 'Item arrived at Warehouse.',1,13, 13);"
300038083PI1,1,"INSERT INTO `wc_t_action_log` (`PO`,`ActionID`,`Status`,`Msg`,`shipNo`,`ActionBy`, `ActionByRole`) VALUES ('300038083PI1', 155, 1, 'Item arrived at Warehouse.',1,13, 13);"
300042204PI1,2,"INSERT INTO `wc_t_action_log` (`PO`,`ActionID`,`Status`,`Msg`,`shipNo`,`ActionBy`, `ActionByRole`) VALUES ('300042204PI1', 155, 1, 'Item arrived at Warehouse.',2,13, 13);"
300042861PI1,1,"INSERT INTO `wc_t_action_log` (`PO`,`ActionID`,`Status`,`Msg`,`shipNo`,`ActionBy`, `ActionByRole`) VALUES ('300042861PI1', 155, 1, 'Item arrived at Warehouse.',1,13, 13);"
300043601PI1,1,"INSERT INTO `wc_t_action_log` (`PO`,`ActionID`,`Status`,`Msg`,`shipNo`,`ActionBy`, `ActionByRole`) VALUES ('300043601PI1', 155, 1, 'Item arrived at Warehouse.',1,13, 13);"
300043621PI1,2,"INSERT INTO `wc_t_action_log` (`PO`,`ActionID`,`Status`,`Msg`,`shipNo`,`ActionBy`, `ActionByRole`) VALUES ('300043621PI1', 155, 1, 'Item arrived at Warehouse.',2,13, 13);"
300040896PI1,2,"INSERT INTO `wc_t_action_log` (`PO`,`ActionID`,`Status`,`Msg`,`shipNo`,`ActionBy`, `ActionByRole`) VALUES ('300040896PI1', 155, 1, 'Item arrived at Warehouse.',2,13, 13);"
300043698PI1,1,"INSERT INTO `wc_t_action_log` (`PO`,`ActionID`,`Status`,`Msg`,`shipNo`,`ActionBy`, `ActionByRole`) VALUES ('300043698PI1', 155, 1, 'Item arrived at Warehouse.',1,13, 13);"
300041188PI1,1,"INSERT INTO `wc_t_action_log` (`PO`,`ActionID`,`Status`,`Msg`,`shipNo`,`ActionBy`, `ActionByRole`) VALUES ('300041188PI1', 155, 1, 'Item arrived at Warehouse.',1,13, 13);"
300040064PI1,1,"INSERT INTO `wc_t_action_log` (`PO`,`ActionID`,`Status`,`Msg`,`shipNo`,`ActionBy`, `ActionByRole`) VALUES ('300040064PI1', 155, 1, 'Item arrived at Warehouse.',1,13, 13);"
300043634PI1,1,"INSERT INTO `wc_t_action_log` (`PO`,`ActionID`,`Status`,`Msg`,`shipNo`,`ActionBy`, `ActionByRole`) VALUES ('300043634PI1', 155, 1, 'Item arrived at Warehouse.',1,13, 13);"
300043601PI1,2,"INSERT INTO `wc_t_action_log` (`PO`,`ActionID`,`Status`,`Msg`,`shipNo`,`ActionBy`, `ActionByRole`) VALUES ('300043601PI1', 155, 1, 'Item arrived at Warehouse.',2,13, 13);"
300042639PI1,1,"INSERT INTO `wc_t_action_log` (`PO`,`ActionID`,`Status`,`Msg`,`shipNo`,`ActionBy`, `ActionByRole`) VALUES ('300042639PI1', 155, 1, 'Item arrived at Warehouse.',1,13, 13);"
300042923PI1,1,"INSERT INTO `wc_t_action_log` (`PO`,`ActionID`,`Status`,`Msg`,`shipNo`,`ActionBy`, `ActionByRole`) VALUES ('300042923PI1', 155, 1, 'Item arrived at Warehouse.',1,13, 13);"
300042967PI1,1,"INSERT INTO `wc_t_action_log` (`PO`,`ActionID`,`Status`,`Msg`,`shipNo`,`ActionBy`, `ActionByRole`) VALUES ('300042967PI1', 155, 1, 'Item arrived at Warehouse.',1,13, 13);"
300043747PI1,1,"INSERT INTO `wc_t_action_log` (`PO`,`ActionID`,`Status`,`Msg`,`shipNo`,`ActionBy`, `ActionByRole`) VALUES ('300043747PI1', 155, 1, 'Item arrived at Warehouse.',1,13, 13);"
300046838PI1,1,"INSERT INTO `wc_t_action_log` (`PO`,`ActionID`,`Status`,`Msg`,`shipNo`,`ActionBy`, `ActionByRole`) VALUES ('300046838PI1', 155, 1, 'Item arrived at Warehouse.',1,13, 13);"
300044482PI1,1,"INSERT INTO `wc_t_action_log` (`PO`,`ActionID`,`Status`,`Msg`,`shipNo`,`ActionBy`, `ActionByRole`) VALUES ('300044482PI1', 155, 1, 'Item arrived at Warehouse.',1,13, 13);"
300047302PI1,1,"INSERT INTO `wc_t_action_log` (`PO`,`ActionID`,`Status`,`Msg`,`shipNo`,`ActionBy`, `ActionByRole`) VALUES ('300047302PI1', 155, 1, 'Item arrived at Warehouse.',1,13, 13);"
300047306PI1,1,"INSERT INTO `wc_t_action_log` (`PO`,`ActionID`,`Status`,`Msg`,`shipNo`,`ActionBy`, `ActionByRole`) VALUES ('300047306PI1', 155, 1, 'Item arrived at Warehouse.',1,13, 13);"
300046833PI1,1,"INSERT INTO `wc_t_action_log` (`PO`,`ActionID`,`Status`,`Msg`,`shipNo`,`ActionBy`, `ActionByRole`) VALUES ('300046833PI1', 155, 1, 'Item arrived at Warehouse.',1,13, 13);"
300047348PI1,1,"INSERT INTO `wc_t_action_log` (`PO`,`ActionID`,`Status`,`Msg`,`shipNo`,`ActionBy`, `ActionByRole`) VALUES ('300047348PI1', 155, 1, 'Item arrived at Warehouse.',1,13, 13);"
300043431PI1,1,"INSERT INTO `wc_t_action_log` (`PO`,`ActionID`,`Status`,`Msg`,`shipNo`,`ActionBy`, `ActionByRole`) VALUES ('300043431PI1', 155, 1, 'Item arrived at Warehouse.',1,13, 13);"
300041994PI1,1,"INSERT INTO `wc_t_action_log` (`PO`,`ActionID`,`Status`,`Msg`,`shipNo`,`ActionBy`, `ActionByRole`) VALUES ('300041994PI1', 155, 1, 'Item arrived at Warehouse.',1,13, 13);"
300042685PI1,1,"INSERT INTO `wc_t_action_log` (`PO`,`ActionID`,`Status`,`Msg`,`shipNo`,`ActionBy`, `ActionByRole`) VALUES ('300042685PI1', 155, 1, 'Item arrived at Warehouse.',1,13, 13);"
300042453PI1,1,"INSERT INTO `wc_t_action_log` (`PO`,`ActionID`,`Status`,`Msg`,`shipNo`,`ActionBy`, `ActionByRole`) VALUES ('300042453PI1', 155, 1, 'Item arrived at Warehouse.',1,13, 13);"
300042453PI2,1,"INSERT INTO `wc_t_action_log` (`PO`,`ActionID`,`Status`,`Msg`,`shipNo`,`ActionBy`, `ActionByRole`) VALUES ('300042453PI2', 155, 1, 'Item arrived at Warehouse.',1,13, 13);"
300042452PI1,1,"INSERT INTO `wc_t_action_log` (`PO`,`ActionID`,`Status`,`Msg`,`shipNo`,`ActionBy`, `ActionByRole`) VALUES ('300042452PI1', 155, 1, 'Item arrived at Warehouse.',1,13, 13);"
300046010PI1,1,"INSERT INTO `wc_t_action_log` (`PO`,`ActionID`,`Status`,`Msg`,`shipNo`,`ActionBy`, `ActionByRole`) VALUES ('300046010PI1', 155, 1, 'Item arrived at Warehouse.',1,13, 13);"
300047302PI1,2,"INSERT INTO `wc_t_action_log` (`PO`,`ActionID`,`Status`,`Msg`,`shipNo`,`ActionBy`, `ActionByRole`) VALUES ('300047302PI1', 155, 1, 'Item arrived at Warehouse.',2,13, 13);"
300047342PI1,1,"INSERT INTO `wc_t_action_log` (`PO`,`ActionID`,`Status`,`Msg`,`shipNo`,`ActionBy`, `ActionByRole`) VALUES ('300047342PI1', 155, 1, 'Item arrived at Warehouse.',1,13, 13);"
300046836PI1,1,"INSERT INTO `wc_t_action_log` (`PO`,`ActionID`,`Status`,`Msg`,`shipNo`,`ActionBy`, `ActionByRole`) VALUES ('300046836PI1', 155, 1, 'Item arrived at Warehouse.',1,13, 13);"
300047590PI1,1,"INSERT INTO `wc_t_action_log` (`PO`,`ActionID`,`Status`,`Msg`,`shipNo`,`ActionBy`, `ActionByRole`) VALUES ('300047590PI1', 155, 1, 'Item arrived at Warehouse.',1,13, 13);"
300042918PI1,1,"INSERT INTO `wc_t_action_log` (`PO`,`ActionID`,`Status`,`Msg`,`shipNo`,`ActionBy`, `ActionByRole`) VALUES ('300042918PI1', 155, 1, 'Item arrived at Warehouse.',1,13, 13);"
300045963PI1,1,"INSERT INTO `wc_t_action_log` (`PO`,`ActionID`,`Status`,`Msg`,`shipNo`,`ActionBy`, `ActionByRole`) VALUES ('300045963PI1', 155, 1, 'Item arrived at Warehouse.',1,13, 13);"
300047302PI1,3,"INSERT INTO `wc_t_action_log` (`PO`,`ActionID`,`Status`,`Msg`,`shipNo`,`ActionBy`, `ActionByRole`) VALUES ('300047302PI1', 155, 1, 'Item arrived at Warehouse.',3,13, 13);"
300046782PI1,1,"INSERT INTO `wc_t_action_log` (`PO`,`ActionID`,`Status`,`Msg`,`shipNo`,`ActionBy`, `ActionByRole`) VALUES ('300046782PI1', 155, 1, 'Item arrived at Warehouse.',1,13, 13);"
300046769PI1,1,"INSERT INTO `wc_t_action_log` (`PO`,`ActionID`,`Status`,`Msg`,`shipNo`,`ActionBy`, `ActionByRole`) VALUES ('300046769PI1', 155, 1, 'Item arrived at Warehouse.',1,13, 13);"
300046779PI1,1,"INSERT INTO `wc_t_action_log` (`PO`,`ActionID`,`Status`,`Msg`,`shipNo`,`ActionBy`, `ActionByRole`) VALUES ('300046779PI1', 155, 1, 'Item arrived at Warehouse.',1,13, 13);"
300047365PI1,1,"INSERT INTO `wc_t_action_log` (`PO`,`ActionID`,`Status`,`Msg`,`shipNo`,`ActionBy`, `ActionByRole`) VALUES ('300047365PI1', 155, 1, 'Item arrived at Warehouse.',1,13, 13);"
300047374PI1,1,"INSERT INTO `wc_t_action_log` (`PO`,`ActionID`,`Status`,`Msg`,`shipNo`,`ActionBy`, `ActionByRole`) VALUES ('300047374PI1', 155, 1, 'Item arrived at Warehouse.',1,13, 13);"
300047302PI1,4,"INSERT INTO `wc_t_action_log` (`PO`,`ActionID`,`Status`,`Msg`,`shipNo`,`ActionBy`, `ActionByRole`) VALUES ('300047302PI1', 155, 1, 'Item arrived at Warehouse.',4,13, 13);"
300047306PI1,2,"INSERT INTO `wc_t_action_log` (`PO`,`ActionID`,`Status`,`Msg`,`shipNo`,`ActionBy`, `ActionByRole`) VALUES ('300047306PI1', 155, 1, 'Item arrived at Warehouse.',2,13, 13);"
300044127PI1,1,"INSERT INTO `wc_t_action_log` (`PO`,`ActionID`,`Status`,`Msg`,`shipNo`,`ActionBy`, `ActionByRole`) VALUES ('300044127PI1', 155, 1, 'Item arrived at Warehouse.',1,13, 13);"
300045597PI1,1,"INSERT INTO `wc_t_action_log` (`PO`,`ActionID`,`Status`,`Msg`,`shipNo`,`ActionBy`, `ActionByRole`) VALUES ('300045597PI1', 155, 1, 'Item arrived at Warehouse.',1,13, 13);"
60002345PI1,1,"INSERT INTO `wc_t_action_log` (`PO`,`ActionID`,`Status`,`Msg`,`shipNo`,`ActionBy`, `ActionByRole`) VALUES ('60002345PI1', 155, 1, 'Item arrived at Warehouse.',1,13, 13);"
60002772PI1,1,"INSERT INTO `wc_t_action_log` (`PO`,`ActionID`,`Status`,`Msg`,`shipNo`,`ActionBy`, `ActionByRole`) VALUES ('60002772PI1', 155, 1, 'Item arrived at Warehouse.',1,13, 13);"
60002485PI1,1,"INSERT INTO `wc_t_action_log` (`PO`,`ActionID`,`Status`,`Msg`,`shipNo`,`ActionBy`, `ActionByRole`) VALUES ('60002485PI1', 155, 1, 'Item arrived at Warehouse.',1,13, 13);"
60001992PI1,5,"INSERT INTO `wc_t_action_log` (`PO`,`ActionID`,`Status`,`Msg`,`shipNo`,`ActionBy`, `ActionByRole`) VALUES ('60001992PI1', 155, 1, 'Item arrived at Warehouse.',5,13, 13);"
60002631PI1,2,"INSERT INTO `wc_t_action_log` (`PO`,`ActionID`,`Status`,`Msg`,`shipNo`,`ActionBy`, `ActionByRole`) VALUES ('60002631PI1', 155, 1, 'Item arrived at Warehouse.',2,13, 13);"
60002964PI2,2,"INSERT INTO `wc_t_action_log` (`PO`,`ActionID`,`Status`,`Msg`,`shipNo`,`ActionBy`, `ActionByRole`) VALUES ('60002964PI2', 155, 1, 'Item arrived at Warehouse.',2,13, 13);"
60002606PI1,1,"INSERT INTO `wc_t_action_log` (`PO`,`ActionID`,`Status`,`Msg`,`shipNo`,`ActionBy`, `ActionByRole`) VALUES ('60002606PI1', 155, 1, 'Item arrived at Warehouse.',1,13, 13);"
60002618PI2,1,"INSERT INTO `wc_t_action_log` (`PO`,`ActionID`,`Status`,`Msg`,`shipNo`,`ActionBy`, `ActionByRole`) VALUES ('60002618PI2', 155, 1, 'Item arrived at Warehouse.',1,13, 13);"
60002836PI2,1,"INSERT INTO `wc_t_action_log` (`PO`,`ActionID`,`Status`,`Msg`,`shipNo`,`ActionBy`, `ActionByRole`) VALUES ('60002836PI2', 155, 1, 'Item arrived at Warehouse.',1,13, 13);"
300045701PI1,1,"INSERT INTO `wc_t_action_log` (`PO`,`ActionID`,`Status`,`Msg`,`shipNo`,`ActionBy`, `ActionByRole`) VALUES ('300045701PI1', 155, 1, 'Item arrived at Warehouse.',1,13, 13);"
60002330PI1,1,"INSERT INTO `wc_t_action_log` (`PO`,`ActionID`,`Status`,`Msg`,`shipNo`,`ActionBy`, `ActionByRole`) VALUES ('60002330PI1', 155, 1, 'Item arrived at Warehouse.',1,13, 13);"
60001715PI1,1,"INSERT INTO `wc_t_action_log` (`PO`,`ActionID`,`Status`,`Msg`,`shipNo`,`ActionBy`, `ActionByRole`) VALUES ('60001715PI1', 155, 1, 'Item arrived at Warehouse.',1,13, 13);"
60002772PI1,2,"INSERT INTO `wc_t_action_log` (`PO`,`ActionID`,`Status`,`Msg`,`shipNo`,`ActionBy`, `ActionByRole`) VALUES ('60002772PI1', 155, 1, 'Item arrived at Warehouse.',2,13, 13);"
60003199PI1,1,"INSERT INTO `wc_t_action_log` (`PO`,`ActionID`,`Status`,`Msg`,`shipNo`,`ActionBy`, `ActionByRole`) VALUES ('60003199PI1', 155, 1, 'Item arrived at Warehouse.',1,13, 13);"
